[{"DocumentTypeId":"Test.Financial.Receipt","Keywords":[{"Values":["COURIEP EXPRESS"],"NumberOfTimesConfirmed":2,"LastUpdated":"2019-05-23T11:46:13.5030451+03:00"},{"Values":["Beat Cor.'ne,nts?"],"NumberOfTimesConfirmed":2,"LastUpdated":"2019-05-23T11:50:30.7950851+03:00"},{"Values":["SHAKE"],"NumberOfTimesConfirmed":2,"LastUpdated":"2019-05-23T11:51:43.6753681+03:00"},{"Values":["aa!otve:"],"NumberOfTimesConfirmed":2,"LastUpdated":"2019-05-23T11:52:21.6235577+03:00"},{"Values":["SHELL V-POUER"],"NumberOfTimesConfirmed":2,"LastUpdated":"2019-05-23T11:52:46.7906699+03:00"},{"Values":["H5k01?::"],"NumberOfTimesConfirmed":2,"LastUpdated":"2019-05-27T16:48:01.1352389+03:00"},{"Values":["Blstro"],"NumberOfTimesConfirmed":2,"LastUpdated":"2019-05-27T16:48:42.853787+03:00"},{"Values":["House"],"NumberOfTimesConfirmed":2,"LastUpdated":"2019-05-27T16:50:20.4072912+03:00"},{"Values":["RJeUgRONGM2p-0077257-"],"NumberOfTimesConfirmed":3,"LastUpdated":"2019-05-27T16:51:20.7482869+03:00"},{"Values":["Rcl\n\nr I inga"],"NumberOfTimesConfirmed":2,"LastUpdated":"2019-05-27T16:55:15.9661385+03:00"}]},{"DocumentTypeId":"Test.Financial.Invoice","Keywords":[{"Values":["INTERNAL DEBIT"],"NumberOfTimesConfirmed":2,"LastUpdated":"2019-05-23T11:48:59.1964442+03:00"},{"Values":["Invoice"],"NumberOfTimesConfirmed":14,"LastUpdated":"2019-05-30T11:10:16.6080059+03:00"}]}]
