﻿{
  "DataContractVersion": "1.0",
  "DocumentTypes": [
    {
      "DocumentTypeId": "Health_Reports.Medical.Hematology",
      "Group": "Health_Reports",
      "Category": "Medical",
      "Name": "Hematology",
      "OptionalUniqueIdentifier": "",
      "TypeField": {
        "FieldId": "Health_Reports.Medical.Hematology.DocumentType",
        "FieldName": "Document Type"
      },
      "Fields": [
        {
          "FieldId": "Health_Reports.Medical.Hematology.Name",
          "FieldName": "Name",
          "IsMultiValue": false,
          "Type": "Name",
          "DeriveFieldsFormat": "",
          "Components": [],
          "SetValues": []
        },
        {
          "FieldId": "Health_Reports.Medical.Hematology.Age",
          "FieldName": "Age",
          "IsMultiValue": false,
          "Type": "Number",
          "DeriveFieldsFormat": "",
          "Components": [],
          "SetValues": [
            ""
          ]
        },
        {
          "FieldId": "Health_Reports.Medical.Hematology.RBCCOUNT",
          "FieldName": "RBC COUNT",
          "IsMultiValue": false,
          "Type": "Number",
          "DeriveFieldsFormat": "",
          "Components": [],
          "SetValues": [
            ""
          ]
        },
        {
          "FieldId": "Health_Reports.Medical.Hematology.PLATELETCOUNT",
          "FieldName": "PLATELET COUNT",
          "IsMultiValue": false,
          "Type": "Number",
          "DeriveFieldsFormat": "",
          "Components": [],
          "SetValues": []
        },
        {
          "FieldId": "Health_Reports.Medical.Hematology.Lympocytes",
          "FieldName": "Lymphocytes",
          "IsMultiValue": false,
          "Type": "Number",
          "DeriveFieldsFormat": "",
          "Components": [],
          "SetValues": []
        },
        {
          "FieldId": "Health_Reports.Medical.Hematology.HEMOGLOBIN",
          "FieldName": "HEMOGLOBIN",
          "IsMultiValue": false,
          "Type": "Text",
          "DeriveFieldsFormat": "",
          "Components": [],
          "SetValues": []
        },
        {
          "FieldId": "Health_Reports.Medical.Hematology.REPORTEDON",
          "FieldName": "REPORTED ON",
          "IsMultiValue": false,
          "Type": "Text",
          "DeriveFieldsFormat": "",
          "Components": [],
          "SetValues": []
        }
      ]
    },
    {
      "DocumentTypeId": "Health_Reports.Medical.Diabetes",
      "Group": "Health_Reports",
      "Category": "Medical",
      "Name": "Diabetes",
      "OptionalUniqueIdentifier": null,
      "TypeField": {
        "FieldId": "Health_Reports.Medical.Diabetes.DocumentType",
        "FieldName": "Document Type"
      },
      "Fields": [
        {
          "FieldId": "Health_Reports.Medical.Diabetes.Name",
          "FieldName": "Name",
          "IsMultiValue": false,
          "Type": "Name",
          "DeriveFieldsFormat": "",
          "Components": [],
          "SetValues": []
        },
        {
          "FieldId": "Health_Reports.Medical.Diabetes.SEX",
          "FieldName": "SEX",
          "IsMultiValue": false,
          "Type": "Text",
          "DeriveFieldsFormat": "",
          "Components": [],
          "SetValues": []
        },
        {
          "FieldId": "Health_Reports.Medical.Diabetes.RESULT",
          "FieldName": "RESULT",
          "IsMultiValue": false,
          "Type": "Text",
          "DeriveFieldsFormat": "",
          "Components": [],
          "SetValues": []
        },
        {
          "FieldId": "Health_Reports.Medical.Diabetes.URINESUGAR",
          "FieldName": "URINE SUGAR",
          "IsMultiValue": false,
          "Type": "Text",
          "DeriveFieldsFormat": "",
          "Components": [],
          "SetValues": []
        },
        {
          "FieldId": "Health_Reports.Medical.Diabetes.DATE",
          "FieldName": "DATE",
          "IsMultiValue": false,
          "Type": "Text",
          "DeriveFieldsFormat": "",
          "Components": [],
          "SetValues": []
        }
      ]
    }
  ],
  "Groups": [
    {
      "Name": "Health_Reports",
      "Categories": [
        "Medical"
      ]
    }
  ],
  "SupportedLanguages": [
    {
      "Name": "Undetermined Language",
      "Code": "und"
    },
    {
      "Name": "Bulgarian",
      "Code": "bul"
    },
    {
      "Name": "Cantonese",
      "Code": "yue"
    },
    {
      "Name": "Danish",
      "Code": "dan"
    },
    {
      "Name": "Dutch",
      "Code": "nld"
    },
    {
      "Name": "English",
      "Code": "eng"
    },
    {
      "Name": "French",
      "Code": "fra"
    },
    {
      "Name": "Georgian",
      "Code": "kat"
    },
    {
      "Name": "German",
      "Code": "deu"
    },
    {
      "Name": "Greek",
      "Code": "ell"
    },
    {
      "Name": "Hebrew",
      "Code": "heb"
    },
    {
      "Name": "Hindi",
      "Code": "hin"
    },
    {
      "Name": "Italian",
      "Code": "ita"
    },
    {
      "Name": "Japanese",
      "Code": "jpn"
    },
    {
      "Name": "Korean",
      "Code": "kor"
    },
    {
      "Name": "Macedonian",
      "Code": "mkd"
    },
    {
      "Name": "Mandarin",
      "Code": "zho"
    },
    {
      "Name": "Marathi",
      "Code": "mar"
    },
    {
      "Name": "Norwegian",
      "Code": "nor"
    },
    {
      "Name": "Polish",
      "Code": "pol"
    },
    {
      "Name": "Portuguese",
      "Code": "por"
    },
    {
      "Name": "Romanian",
      "Code": "ron"
    },
    {
      "Name": "Russian",
      "Code": "rus"
    },
    {
      "Name": "Serbian",
      "Code": "srp"
    },
    {
      "Name": "Spanish",
      "Code": "spa"
    },
    {
      "Name": "Swedish",
      "Code": "swe"
    },
    {
      "Name": "Telugu",
      "Code": "tel"
    }
  ]
}