{
  "Packages": [
    {
      "Package": {
        "Id": "Abbyy.Activities.UiPath.FlexiCaptureActivities",
        "Version": "1.0.0.53"
      },
      "Assemblies": [
        "C:\\Users\\Rohit\\.nuget\\packages\\abbyy.activities.uipath.flexicaptureactivities/1.0.0.53\\lib/net45/Abbyy.Activities.UiPath.FlexiCaptureActivities.Designer.dll",
        "C:\\Users\\Rohit\\.nuget\\packages\\abbyy.activities.uipath.flexicaptureactivities/1.0.0.53\\lib/net45/Abbyy.Activities.UiPath.FlexiCaptureActivities.dll",
        "C:\\Users\\Rohit\\.nuget\\packages\\abbyy.activities.uipath.flexicaptureactivities/1.0.0.53\\lib/net45/Abbyy.Connectors.FlexiCaptureConnector.dll"
      ]
    },
    {
      "Package": {
        "Id": "AForge",
        "Version": "2.2.5"
      },
      "Assemblies": [
        "C:\\Users\\Rohit\\.nuget\\packages\\aforge/2.2.5\\lib/AForge.dll"
      ]
    },
    {
      "Package": {
        "Id": "AForge.Imaging",
        "Version": "2.2.5"
      },
      "Assemblies": [
        "C:\\Users\\Rohit\\.nuget\\packages\\aforge/2.2.5\\lib/AForge.dll",
        "C:\\Users\\Rohit\\.nuget\\packages\\aforge.imaging/2.2.5\\lib/AForge.Imaging.dll",
        "C:\\Users\\Rohit\\.nuget\\packages\\aforge.math/2.2.5\\lib/AForge.Math.dll"
      ]
    },
    {
      "Package": {
        "Id": "AForge.Math",
        "Version": "2.2.5"
      },
      "Assemblies": [
        "C:\\Users\\Rohit\\.nuget\\packages\\aforge/2.2.5\\lib/AForge.dll",
        "C:\\Users\\Rohit\\.nuget\\packages\\aforge.math/2.2.5\\lib/AForge.Math.dll"
      ]
    },
    {
      "Package": {
        "Id": "AForge.Neuro",
        "Version": "2.2.5"
      },
      "Assemblies": [
        "C:\\Users\\Rohit\\.nuget\\packages\\aforge/2.2.5\\lib/AForge.dll",
        "C:\\Users\\Rohit\\.nuget\\packages\\aforge.genetic/2.2.5\\lib/AForge.Genetic.dll",
        "C:\\Users\\Rohit\\.nuget\\packages\\aforge.math/2.2.5\\lib/AForge.Math.dll",
        "C:\\Users\\Rohit\\.nuget\\packages\\aforge.neuro/2.2.5\\lib/AForge.Neuro.dll"
      ]
    },
    {
      "Package": {
        "Id": "BalaReva.CSV.Activities",
        "Version": "2019.0.0"
      },
      "Assemblies": [
        "C:\\Users\\Rohit\\.nuget\\packages\\balareva.csv.activities/2019.0.0\\lib/BalaReva.CamiCat.Design.dll",
        "C:\\Users\\Rohit\\.nuget\\packages\\balareva.csv.activities/2019.0.0\\lib/BalaReva.CamiCat.dll",
        "C:\\Users\\Rohit\\.nuget\\packages\\balareva.csv.activities/2019.0.0\\lib/BalaReva.Excel.Base.dll"
      ]
    },
    {
      "Package": {
        "Id": "BitMiracle.Docotic.Pdf",
        "Version": "5.9.9640"
      },
      "Assemblies": [
        "C:\\Users\\Rohit\\.nuget\\packages\\bitmiracle.docotic.pdf/5.9.9640\\lib/net40/BitMiracle.Docotic.Pdf.dll"
      ]
    },
    {
      "Package": {
        "Id": "ConvertUtilityExcelToDictionary",
        "Version": "1.0.0"
      },
      "Assemblies": [
        "C:\\Users\\Rohit\\.nuget\\packages\\convertutilityexceltodictionary/1.0.0\\lib/ExcelUtility.dll"
      ]
    },
    {
      "Package": {
        "Id": "IvanAkcheurov.NTextCat.Lib",
        "Version": "0.2.1.1"
      },
      "Assemblies": [
        "C:\\Users\\Rohit\\.nuget\\packages\\ivanakcheurov.ntextcat.lib/0.2.1.1\\lib/net40/IvanAkcheurov.Commons.dll",
        "C:\\Users\\Rohit\\.nuget\\packages\\ivanakcheurov.ntextcat.lib/0.2.1.1\\lib/net40/IvanAkcheurov.NClassify.dll",
        "C:\\Users\\Rohit\\.nuget\\packages\\ivanakcheurov.ntextcat.lib/0.2.1.1\\lib/net40/IvanAkcheurov.NTextCat.Lib.dll"
      ]
    },
    {
      "Package": {
        "Id": "MathNet.Numerics",
        "Version": "4.8.1"
      },
      "Assemblies": [
        "C:\\Users\\Rohit\\.nuget\\packages\\mathnet.numerics/4.8.1\\lib/net461/MathNet.Numerics.dll"
      ]
    },
    {
      "Package": {
        "Id": "Metrics.NET",
        "Version": "0.5.5"
      },
      "Assemblies": [
        "C:\\Users\\Rohit\\.nuget\\packages\\metrics.net/0.5.5\\lib/net45/Metrics.dll"
      ]
    },
    {
      "Package": {
        "Id": "Microsoft.Activities.Extensions",
        "Version": "2.0.6.9"
      },
      "Assemblies": [
        "C:\\Users\\Rohit\\.nuget\\packages\\microsoft.activities.extensions/2.0.6.9\\lib/Net45/Microsoft.Activities.Extensions.Design.dll",
        "C:\\Users\\Rohit\\.nuget\\packages\\microsoft.activities.extensions/2.0.6.9\\lib/Net45/Microsoft.Activities.Extensions.dll"
      ]
    },
    {
      "Package": {
        "Id": "Microsoft.Xaml.Behaviors.Wpf",
        "Version": "1.0.1"
      },
      "Assemblies": [
        "C:\\Users\\Rohit\\.nuget\\packages\\microsoft.xaml.behaviors.wpf/1.0.1\\lib/net45/Microsoft.Xaml.Behaviors.dll"
      ]
    },
    {
      "Package": {
        "Id": "Numsense",
        "Version": "0.12.0"
      },
      "Assemblies": [
        "C:\\Users\\Rohit\\.nuget\\packages\\fsharp.core/4.0.0.1\\lib/net40/FSharp.Core.dll",
        "C:\\Users\\Rohit\\.nuget\\packages\\numsense/0.12.0\\lib/net45/Ploeh.Numsense.dll"
      ]
    },
    {
      "Package": {
        "Id": "PDF_Activities",
        "Version": "1.0.2"
      },
      "Assemblies": [
        "C:\\Users\\Rohit\\.nuget\\packages\\itextsharp/5.5.13\\lib/itextsharp.dll",
        "C:\\Users\\Rohit\\.nuget\\packages\\pdf_activities/1.0.2\\lib/pdfLibrary.dll"
      ]
    },
    {
      "Package": {
        "Id": "System.Collections.Immutable",
        "Version": "1.5.0"
      },
      "Assemblies": [
        "C:\\Users\\Rohit\\.nuget\\packages\\system.collections.immutable/1.5.0\\lib/netstandard2.0/System.Collections.Immutable.dll"
      ]
    },
    {
      "Package": {
        "Id": "System.Runtime.InteropServices.RuntimeInformation",
        "Version": "4.3.0"
      },
      "Assemblies": [
        "C:\\Users\\Rohit\\.nuget\\packages\\system.runtime.interopservices.runtimeinformation/4.3.0\\lib/net45/System.Runtime.InteropServices.RuntimeInformation.dll"
      ]
    },
    {
      "Package": {
        "Id": "System.ValueTuple",
        "Version": "4.5.0"
      },
      "Assemblies": [
        "C:\\Users\\Rohit\\.nuget\\packages\\system.valuetuple/4.5.0\\lib/net461/System.ValueTuple.dll"
      ]
    },
    {
      "Package": {
        "Id": "UiPath.CefSharpBundle",
        "Version": "1.1.0"
      },
      "Assemblies": [
        "C:\\Users\\Rohit\\.nuget\\packages\\uipath.cefsharpbundle/1.1.0\\lib/net452/CefSharp.BrowserSubprocess.Core.dll",
        "C:\\Users\\Rohit\\.nuget\\packages\\uipath.cefsharpbundle/1.1.0\\lib/net452/CefSharp.Core.dll",
        "C:\\Users\\Rohit\\.nuget\\packages\\uipath.cefsharpbundle/1.1.0\\lib/net452/CefSharp.Wpf.dll",
        "C:\\Users\\Rohit\\.nuget\\packages\\uipath.cefsharpbundle/1.1.0\\lib/net452/CefSharp.dll",
        "C:\\Users\\Rohit\\.nuget\\packages\\uipath.cefsharpbundle/1.1.0\\lib/net452/UiPath.CEFSharpBundle.dll",
        "C:\\Users\\Rohit\\.nuget\\packages\\uipath.cefsharpbundle/1.1.0\\lib/net452/chrome_elf.dll",
        "C:\\Users\\Rohit\\.nuget\\packages\\uipath.cefsharpbundle/1.1.0\\lib/net452/d3dcompiler_47.dll",
        "C:\\Users\\Rohit\\.nuget\\packages\\uipath.cefsharpbundle/1.1.0\\lib/net452/libEGL.dll",
        "C:\\Users\\Rohit\\.nuget\\packages\\uipath.cefsharpbundle/1.1.0\\lib/net452/libGLESv2.dll",
        "C:\\Users\\Rohit\\.nuget\\packages\\uipath.cefsharpbundle/1.1.0\\lib/net452/libcef.dll",
        "C:\\Users\\Rohit\\.nuget\\packages\\uipath.cefsharpbundle/1.1.0\\lib/net452/msvcp140.dll",
        "C:\\Users\\Rohit\\.nuget\\packages\\uipath.cefsharpbundle/1.1.0\\lib/net452/swiftshader/libEGL.dll",
        "C:\\Users\\Rohit\\.nuget\\packages\\uipath.cefsharpbundle/1.1.0\\lib/net452/swiftshader/libGLESv2.dll",
        "C:\\Users\\Rohit\\.nuget\\packages\\uipath.cefsharpbundle/1.1.0\\lib/net452/vcruntime140.dll"
      ]
    },
    {
      "Package": {
        "Id": "UiPath.ComputerVision.Activities",
        "Version": "2.0.1"
      },
      "Assemblies": [
        "C:\\Users\\Rohit\\.nuget\\packages\\avalonedit/5.0.3\\lib/Net40/ICSharpCode.AvalonEdit.dll",
        "C:\\Users\\Rohit\\.nuget\\packages\\extended.wpf.toolkit/2.8.0\\lib/net40/Xceed.Wpf.AvalonDock.Themes.Aero.dll",
        "C:\\Users\\Rohit\\.nuget\\packages\\extended.wpf.toolkit/2.8.0\\lib/net40/Xceed.Wpf.AvalonDock.Themes.Metro.dll",
        "C:\\Users\\Rohit\\.nuget\\packages\\extended.wpf.toolkit/2.8.0\\lib/net40/Xceed.Wpf.AvalonDock.Themes.VS2010.dll",
        "C:\\Users\\Rohit\\.nuget\\packages\\extended.wpf.toolkit/2.8.0\\lib/net40/Xceed.Wpf.AvalonDock.dll",
        "C:\\Users\\Rohit\\.nuget\\packages\\extended.wpf.toolkit/2.8.0\\lib/net40/Xceed.Wpf.DataGrid.dll",
        "C:\\Users\\Rohit\\.nuget\\packages\\extended.wpf.toolkit/2.8.0\\lib/net40/Xceed.Wpf.Toolkit.dll",
        "C:\\Users\\Rohit\\.nuget\\packages\\humanizer.core/2.4.2\\lib/netstandard2.0/Humanizer.dll",
        "C:\\Users\\Rohit\\.nuget\\packages\\newtonsoft.json/11.0.2\\lib/net45/Newtonsoft.Json.dll",
        "C:\\Users\\Rohit\\.nuget\\packages\\uipath/19.7.7128.27029\\lib/UiPath.Interop.dll",
        "C:\\Users\\Rohit\\.nuget\\packages\\uipath.computervision.activities/2.0.1\\lib/net461/UiPath.CV.Activities.Design.dll",
        "C:\\Users\\Rohit\\.nuget\\packages\\uipath.computervision.activities/2.0.1\\lib/net461/UiPath.CV.Activities.dll",
        "C:\\Users\\Rohit\\.nuget\\packages\\uipath.computervision.activities/2.0.1\\lib/net461/UiPath.CV.dll",
        "C:\\Users\\Rohit\\.nuget\\packages\\uipath.ocr.contracts/2.1.0\\lib/net45/UiPath.OCR.Contracts.dll",
        "C:\\Users\\Rohit\\.nuget\\packages\\uipath.uiautomation.activities/19.7.0\\lib/net461/ActiproSoftware.DataGrid.Contrib.Wpf.dll",
        "C:\\Users\\Rohit\\.nuget\\packages\\uipath.uiautomation.activities/19.7.0\\lib/net461/ActiproSoftware.Docking.Wpf.dll",
        "C:\\Users\\Rohit\\.nuget\\packages\\uipath.uiautomation.activities/19.7.0\\lib/net461/ActiproSoftware.Editors.Wpf.dll",
        "C:\\Users\\Rohit\\.nuget\\packages\\uipath.uiautomation.activities/19.7.0\\lib/net461/ActiproSoftware.Ribbon.Wpf.dll",
        "C:\\Users\\Rohit\\.nuget\\packages\\uipath.uiautomation.activities/19.7.0\\lib/net461/ActiproSoftware.Shared.Wpf.dll",
        "C:\\Users\\Rohit\\.nuget\\packages\\uipath.uiautomation.activities/19.7.0\\lib/net461/ActiproSoftware.SyntaxEditor.Addons.DotNet.Wpf.dll",
        "C:\\Users\\Rohit\\.nuget\\packages\\uipath.uiautomation.activities/19.7.0\\lib/net461/ActiproSoftware.SyntaxEditor.Wpf.dll",
        "C:\\Users\\Rohit\\.nuget\\packages\\uipath.uiautomation.activities/19.7.0\\lib/net461/ActiproSoftware.Text.Addons.DotNet.Wpf.dll",
        "C:\\Users\\Rohit\\.nuget\\packages\\uipath.uiautomation.activities/19.7.0\\lib/net461/ActiproSoftware.Text.LLParser.Wpf.dll",
        "C:\\Users\\Rohit\\.nuget\\packages\\uipath.uiautomation.activities/19.7.0\\lib/net461/ActiproSoftware.Text.Wpf.dll",
        "C:\\Users\\Rohit\\.nuget\\packages\\uipath.uiautomation.activities/19.7.0\\lib/net461/ActiproSoftware.Wizard.Wpf.dll",
        "C:\\Users\\Rohit\\.nuget\\packages\\uipath.uiautomation.activities/19.7.0\\lib/net461/UiPath.UIAutomation.Activities.Design.dll",
        "C:\\Users\\Rohit\\.nuget\\packages\\uipath.uiautomation.activities/19.7.0\\lib/net461/UiPath.UiAutomation.Activities.dll",
        "C:\\Users\\Rohit\\.nuget\\packages\\uipath.uiautomation.activities/19.7.0\\lib/net461/UiPath.Wizards.dll",
        "C:\\Users\\Rohit\\.nuget\\packages\\uipath.vision/1.7.0\\lib/net452/UiPath.Vision.AbbyyCloud.dll",
        "C:\\Users\\Rohit\\.nuget\\packages\\uipath.vision/1.7.0\\lib/net452/UiPath.Vision.AbbyyFRE11.dll",
        "C:\\Users\\Rohit\\.nuget\\packages\\uipath.vision/1.7.0\\lib/net452/UiPath.Vision.AbbyyFRE12.dll",
        "C:\\Users\\Rohit\\.nuget\\packages\\uipath.vision/1.7.0\\lib/net452/UiPath.Vision.AbbyyFRECommon.dll",
        "C:\\Users\\Rohit\\.nuget\\packages\\uipath.vision/1.7.0\\lib/net452/UiPath.Vision.AzureComputerVision.dll",
        "C:\\Users\\Rohit\\.nuget\\packages\\uipath.vision/1.7.0\\lib/net452/UiPath.Vision.Core.dll",
        "C:\\Users\\Rohit\\.nuget\\packages\\uipath.vision/1.7.0\\lib/net452/UiPath.Vision.GoogleCloud.dll",
        "C:\\Users\\Rohit\\.nuget\\packages\\uipath.vision/1.7.0\\lib/net452/UiPath.Vision.Microsoft.dll",
        "C:\\Users\\Rohit\\.nuget\\packages\\uipath.vision/1.7.0\\lib/net452/UiPath.Vision.MicrosoftCloud.dll",
        "C:\\Users\\Rohit\\.nuget\\packages\\uipath.vision/1.7.0\\lib/net452/UiPath.Vision.Tesseract.dll",
        "C:\\Users\\Rohit\\.nuget\\packages\\uipath.vision/1.7.0\\lib/net452/UiPath.Vision.dll"
      ]
    },
    {
      "Package": {
        "Id": "UiPath.Credentials.Activities",
        "Version": "1.1.6479.13204"
      },
      "Assemblies": [
        "C:\\Users\\Rohit\\.nuget\\packages\\credentialmanagement/1.0.2\\lib/net35/CredentialManagement.dll",
        "C:\\Users\\Rohit\\.nuget\\packages\\uipath.credentials.activities/1.1.6479.13204\\lib/net40-client/UiPath.Credentials.Activities.dll"
      ]
    },
    {
      "Package": {
        "Id": "UiPath.Database.Activities",
        "Version": "1.2.6863.32528"
      },
      "Assemblies": [
        "C:\\Users\\Rohit\\.nuget\\packages\\uipath.database.activities/1.2.6863.32528\\lib/net40-Client/Microsoft.Data.ConnectionUI.Dialog.dll",
        "C:\\Users\\Rohit\\.nuget\\packages\\uipath.database.activities/1.2.6863.32528\\lib/net40-Client/UiPath.Database.Activities.Design.dll",
        "C:\\Users\\Rohit\\.nuget\\packages\\uipath.database.activities/1.2.6863.32528\\lib/net40-Client/UiPath.Database.Activities.dll",
        "C:\\Users\\Rohit\\.nuget\\packages\\uipath.database.activities/1.2.6863.32528\\lib/net40-Client/UiPath.Database.dll"
      ]
    },
    {
      "Package": {
        "Id": "UiPath.DataRobot.Activities",
        "Version": "1.0.0"
      },
      "Assemblies": [
        "C:\\Users\\Rohit\\.nuget\\packages\\restsharp/106.6.9\\lib/net452/RestSharp.dll",
        "C:\\Users\\Rohit\\.nuget\\packages\\uipath.datarobot.activities/1.0.0\\lib/net461/UiPath.DataRobot.Activities.Design.dll",
        "C:\\Users\\Rohit\\.nuget\\packages\\uipath.datarobot.activities/1.0.0\\lib/net461/UiPath.Datarobot.Activities.dll",
        "C:\\Users\\Rohit\\.nuget\\packages\\uipath.datarobot.activities/1.0.0\\lib/net461/UiPath.Datarobot.dll"
      ]
    },
    {
      "Package": {
        "Id": "UiPath.DocumentProcessing.Contracts",
        "Version": "1.2.0"
      },
      "Assemblies": [
        "C:\\Users\\Rohit\\.nuget\\packages\\newtonsoft.json/11.0.2\\lib/net45/Newtonsoft.Json.dll",
        "C:\\Users\\Rohit\\.nuget\\packages\\uipath.documentprocessing.contracts/1.2.0\\lib/net461/UiPath.DocumentProcessing.Contracts.dll"
      ]
    },
    {
      "Package": {
        "Id": "UiPath.Excel.Activities",
        "Version": "2.5.3"
      },
      "Assemblies": [
        "C:\\Users\\Rohit\\.nuget\\packages\\closedxml/0.87.1\\lib/net40/ClosedXML.dll",
        "C:\\Users\\Rohit\\.nuget\\packages\\csvhelper/2.13.5\\lib/net40-client/CsvHelper.dll",
        "C:\\Users\\Rohit\\.nuget\\packages\\documentformat.openxml/2.5.0\\lib/DocumentFormat.OpenXml.dll",
        "C:\\Users\\Rohit\\.nuget\\packages\\microsoft.visualstudio.ole.interop/7.10.6071\\lib/Microsoft.VisualStudio.OLE.Interop.dll",
        "C:\\Users\\Rohit\\.nuget\\packages\\npoi/2.4.1\\lib/net45/NPOI.OOXML.dll",
        "C:\\Users\\Rohit\\.nuget\\packages\\npoi/2.4.1\\lib/net45/NPOI.OpenXml4Net.dll",
        "C:\\Users\\Rohit\\.nuget\\packages\\npoi/2.4.1\\lib/net45/NPOI.OpenXmlFormats.dll",
        "C:\\Users\\Rohit\\.nuget\\packages\\npoi/2.4.1\\lib/net45/NPOI.dll",
        "C:\\Users\\Rohit\\.nuget\\packages\\sharpziplib/1.0.0\\lib/net45/ICSharpCode.SharpZipLib.dll",
        "C:\\Users\\Rohit\\.nuget\\packages\\uipath.excel.activities/2.5.3\\lib/net452/UiPath.Excel.Activities.Design.dll",
        "C:\\Users\\Rohit\\.nuget\\packages\\uipath.excel.activities/2.5.3\\lib/net452/UiPath.Excel.Activities.dll",
        "C:\\Users\\Rohit\\.nuget\\packages\\uipath.excel.activities/2.5.3\\lib/net452/UiPath.Excel.dll"
      ]
    },
    {
      "Package": {
        "Id": "UiPath.Mail.Activities",
        "Version": "1.4.0"
      },
      "Assemblies": [
        "C:\\Users\\Rohit\\.nuget\\packages\\bouncycastle/1.8.1\\lib/BouncyCastle.Crypto.dll",
        "C:\\Users\\Rohit\\.nuget\\packages\\interop.domino.dll/1.0.0\\lib/Interop.Domino.dll",
        "C:\\Users\\Rohit\\.nuget\\packages\\microsoft.exchange.webservices/2.2.0\\lib/40/Microsoft.Exchange.WebServices.Auth.dll",
        "C:\\Users\\Rohit\\.nuget\\packages\\microsoft.exchange.webservices/2.2.0\\lib/40/Microsoft.Exchange.WebServices.dll",
        "C:\\Users\\Rohit\\.nuget\\packages\\uipath.mail.activities/1.4.0\\lib/net452/MailKit.dll",
        "C:\\Users\\Rohit\\.nuget\\packages\\uipath.mail.activities/1.4.0\\lib/net452/MimeKit.dll",
        "C:\\Users\\Rohit\\.nuget\\packages\\uipath.mail.activities/1.4.0\\lib/net452/UiPath.Mail.Activities.Design.dll",
        "C:\\Users\\Rohit\\.nuget\\packages\\uipath.mail.activities/1.4.0\\lib/net452/UiPath.Mail.Activities.dll",
        "C:\\Users\\Rohit\\.nuget\\packages\\uipath.mail.activities/1.4.0\\lib/net452/UiPath.Mail.dll"
      ]
    },
    {
      "Package": {
        "Id": "UiPath.OCR.Activities",
        "Version": "1.0.5998.20115"
      },
      "Assemblies": [
        "C:\\Users\\Rohit\\.nuget\\packages\\uipath.ocr.activities/1.0.5998.20115\\lib/net40-Client/AbbyyOnlineSdk.dll",
        "C:\\Users\\Rohit\\.nuget\\packages\\uipath.ocr.activities/1.0.5998.20115\\lib/net40-Client/UiPath.OCR.Activities.dll"
      ]
    },
    {
      "Package": {
        "Id": "UiPath.OCR.Contracts",
        "Version": "2.1.0"
      },
      "Assemblies": [
        "C:\\Users\\Rohit\\.nuget\\packages\\uipath.ocr.contracts/2.1.0\\lib/net45/UiPath.OCR.Contracts.dll"
      ]
    },
    {
      "Package": {
        "Id": "UiPath.PDF.Activities",
        "Version": "2.1.0"
      },
      "Assemblies": [
        "C:\\Users\\Rohit\\.nuget\\packages\\bitmiracle.docotic.pdf/5.9.9640\\lib/net40/BitMiracle.Docotic.Pdf.dll",
        "C:\\Users\\Rohit\\.nuget\\packages\\system.valuetuple/4.5.0\\lib/net461/System.ValueTuple.dll",
        "C:\\Users\\Rohit\\.nuget\\packages\\uipath.ocr.contracts/2.1.0\\lib/net45/UiPath.OCR.Contracts.dll",
        "C:\\Users\\Rohit\\.nuget\\packages\\uipath.pdf.activities/2.1.0\\lib/net461/UiPath.PDF.Activities.Design.dll",
        "C:\\Users\\Rohit\\.nuget\\packages\\uipath.pdf.activities/2.1.0\\lib/net461/UiPath.PDF.Activities.dll",
        "C:\\Users\\Rohit\\.nuget\\packages\\uipath.pdf.activities/2.1.0\\lib/net461/UiPath.PDF.dll"
      ]
    },
    {
      "Package": {
        "Id": "UiPath.System.Activities",
        "Version": "19.8.0"
      },
      "Assemblies": [
        "C:\\Users\\Rohit\\.nuget\\packages\\csvhelper/2.13.5\\lib/net40-client/CsvHelper.dll",
        "C:\\Users\\Rohit\\.nuget\\packages\\microsoft.aspnet.signalr.client/2.4.0\\lib/net45/Microsoft.AspNet.SignalR.Client.dll",
        "C:\\Users\\Rohit\\.nuget\\packages\\microsoft.extensions.filesystemglobbing/2.2.0\\lib/netstandard2.0/Microsoft.Extensions.FileSystemGlobbing.dll",
        "C:\\Users\\Rohit\\.nuget\\packages\\microsoft.rest.clientruntime/2.3.20\\lib/net461/Microsoft.Rest.ClientRuntime.dll",
        "C:\\Users\\Rohit\\.nuget\\packages\\newtonsoft.json/11.0.2\\lib/net45/Newtonsoft.Json.dll",
        "C:\\Users\\Rohit\\.nuget\\packages\\uipath.system.activities/19.8.0\\lib/net461/ActiproSoftware.Docking.Wpf.dll",
        "C:\\Users\\Rohit\\.nuget\\packages\\uipath.system.activities/19.8.0\\lib/net461/ActiproSoftware.Ribbon.Wpf.dll",
        "C:\\Users\\Rohit\\.nuget\\packages\\uipath.system.activities/19.8.0\\lib/net461/ActiproSoftware.Shared.Wpf.dll",
        "C:\\Users\\Rohit\\.nuget\\packages\\uipath.system.activities/19.8.0\\lib/net461/ActiproSoftware.SyntaxEditor.Addons.DotNet.Wpf.dll",
        "C:\\Users\\Rohit\\.nuget\\packages\\uipath.system.activities/19.8.0\\lib/net461/ActiproSoftware.SyntaxEditor.Wpf.dll",
        "C:\\Users\\Rohit\\.nuget\\packages\\uipath.system.activities/19.8.0\\lib/net461/ActiproSoftware.Text.Addons.DotNet.Wpf.dll",
        "C:\\Users\\Rohit\\.nuget\\packages\\uipath.system.activities/19.8.0\\lib/net461/ActiproSoftware.Text.LLParser.Wpf.dll",
        "C:\\Users\\Rohit\\.nuget\\packages\\uipath.system.activities/19.8.0\\lib/net461/ActiproSoftware.Text.Wpf.dll",
        "C:\\Users\\Rohit\\.nuget\\packages\\uipath.system.activities/19.8.0\\lib/net461/ActiproSoftware.Wizard.Wpf.dll",
        "C:\\Users\\Rohit\\.nuget\\packages\\uipath.system.activities/19.8.0\\lib/net461/UiPath.OrchestratorClient.dll",
        "C:\\Users\\Rohit\\.nuget\\packages\\uipath.system.activities/19.8.0\\lib/net461/UiPath.System.Activities.Design.dll",
        "C:\\Users\\Rohit\\.nuget\\packages\\uipath.system.activities/19.8.0\\lib/net461/UiPath.System.Activities.dll"
      ]
    },
    {
      "Package": {
        "Id": "UiPath.UIAutomation.Activities",
        "Version": "19.7.0"
      },
      "Assemblies": [
        "C:\\Users\\Rohit\\.nuget\\packages\\avalonedit/5.0.3\\lib/Net40/ICSharpCode.AvalonEdit.dll",
        "C:\\Users\\Rohit\\.nuget\\packages\\extended.wpf.toolkit/2.8.0\\lib/net40/Xceed.Wpf.AvalonDock.Themes.Aero.dll",
        "C:\\Users\\Rohit\\.nuget\\packages\\extended.wpf.toolkit/2.8.0\\lib/net40/Xceed.Wpf.AvalonDock.Themes.Metro.dll",
        "C:\\Users\\Rohit\\.nuget\\packages\\extended.wpf.toolkit/2.8.0\\lib/net40/Xceed.Wpf.AvalonDock.Themes.VS2010.dll",
        "C:\\Users\\Rohit\\.nuget\\packages\\extended.wpf.toolkit/2.8.0\\lib/net40/Xceed.Wpf.AvalonDock.dll",
        "C:\\Users\\Rohit\\.nuget\\packages\\extended.wpf.toolkit/2.8.0\\lib/net40/Xceed.Wpf.DataGrid.dll",
        "C:\\Users\\Rohit\\.nuget\\packages\\extended.wpf.toolkit/2.8.0\\lib/net40/Xceed.Wpf.Toolkit.dll",
        "C:\\Users\\Rohit\\.nuget\\packages\\humanizer.core/2.4.2\\lib/netstandard2.0/Humanizer.dll",
        "C:\\Users\\Rohit\\.nuget\\packages\\uipath/19.7.7128.27029\\lib/UiPath.Interop.dll",
        "C:\\Users\\Rohit\\.nuget\\packages\\uipath.ocr.contracts/2.1.0\\lib/net45/UiPath.OCR.Contracts.dll",
        "C:\\Users\\Rohit\\.nuget\\packages\\uipath.uiautomation.activities/19.7.0\\lib/net461/ActiproSoftware.DataGrid.Contrib.Wpf.dll",
        "C:\\Users\\Rohit\\.nuget\\packages\\uipath.uiautomation.activities/19.7.0\\lib/net461/ActiproSoftware.Docking.Wpf.dll",
        "C:\\Users\\Rohit\\.nuget\\packages\\uipath.uiautomation.activities/19.7.0\\lib/net461/ActiproSoftware.Editors.Wpf.dll",
        "C:\\Users\\Rohit\\.nuget\\packages\\uipath.uiautomation.activities/19.7.0\\lib/net461/ActiproSoftware.Ribbon.Wpf.dll",
        "C:\\Users\\Rohit\\.nuget\\packages\\uipath.uiautomation.activities/19.7.0\\lib/net461/ActiproSoftware.Shared.Wpf.dll",
        "C:\\Users\\Rohit\\.nuget\\packages\\uipath.uiautomation.activities/19.7.0\\lib/net461/ActiproSoftware.SyntaxEditor.Addons.DotNet.Wpf.dll",
        "C:\\Users\\Rohit\\.nuget\\packages\\uipath.uiautomation.activities/19.7.0\\lib/net461/ActiproSoftware.SyntaxEditor.Wpf.dll",
        "C:\\Users\\Rohit\\.nuget\\packages\\uipath.uiautomation.activities/19.7.0\\lib/net461/ActiproSoftware.Text.Addons.DotNet.Wpf.dll",
        "C:\\Users\\Rohit\\.nuget\\packages\\uipath.uiautomation.activities/19.7.0\\lib/net461/ActiproSoftware.Text.LLParser.Wpf.dll",
        "C:\\Users\\Rohit\\.nuget\\packages\\uipath.uiautomation.activities/19.7.0\\lib/net461/ActiproSoftware.Text.Wpf.dll",
        "C:\\Users\\Rohit\\.nuget\\packages\\uipath.uiautomation.activities/19.7.0\\lib/net461/ActiproSoftware.Wizard.Wpf.dll",
        "C:\\Users\\Rohit\\.nuget\\packages\\uipath.uiautomation.activities/19.7.0\\lib/net461/UiPath.UIAutomation.Activities.Design.dll",
        "C:\\Users\\Rohit\\.nuget\\packages\\uipath.uiautomation.activities/19.7.0\\lib/net461/UiPath.UiAutomation.Activities.dll",
        "C:\\Users\\Rohit\\.nuget\\packages\\uipath.uiautomation.activities/19.7.0\\lib/net461/UiPath.Wizards.dll",
        "C:\\Users\\Rohit\\.nuget\\packages\\uipath.vision/1.7.0\\lib/net452/UiPath.Vision.AbbyyCloud.dll",
        "C:\\Users\\Rohit\\.nuget\\packages\\uipath.vision/1.7.0\\lib/net452/UiPath.Vision.AbbyyFRE11.dll",
        "C:\\Users\\Rohit\\.nuget\\packages\\uipath.vision/1.7.0\\lib/net452/UiPath.Vision.AbbyyFRE12.dll",
        "C:\\Users\\Rohit\\.nuget\\packages\\uipath.vision/1.7.0\\lib/net452/UiPath.Vision.AbbyyFRECommon.dll",
        "C:\\Users\\Rohit\\.nuget\\packages\\uipath.vision/1.7.0\\lib/net452/UiPath.Vision.AzureComputerVision.dll",
        "C:\\Users\\Rohit\\.nuget\\packages\\uipath.vision/1.7.0\\lib/net452/UiPath.Vision.Core.dll",
        "C:\\Users\\Rohit\\.nuget\\packages\\uipath.vision/1.7.0\\lib/net452/UiPath.Vision.GoogleCloud.dll",
        "C:\\Users\\Rohit\\.nuget\\packages\\uipath.vision/1.7.0\\lib/net452/UiPath.Vision.Microsoft.dll",
        "C:\\Users\\Rohit\\.nuget\\packages\\uipath.vision/1.7.0\\lib/net452/UiPath.Vision.MicrosoftCloud.dll",
        "C:\\Users\\Rohit\\.nuget\\packages\\uipath.vision/1.7.0\\lib/net452/UiPath.Vision.Tesseract.dll",
        "C:\\Users\\Rohit\\.nuget\\packages\\uipath.vision/1.7.0\\lib/net452/UiPath.Vision.dll"
      ]
    },
    {
      "Package": {
        "Id": "UiPath.Vision",
        "Version": "1.7.0"
      },
      "Assemblies": [
        "C:\\Users\\Rohit\\.nuget\\packages\\uipath.vision/1.7.0\\lib/net452/UiPath.Vision.AbbyyCloud.dll",
        "C:\\Users\\Rohit\\.nuget\\packages\\uipath.vision/1.7.0\\lib/net452/UiPath.Vision.AbbyyFRE11.dll",
        "C:\\Users\\Rohit\\.nuget\\packages\\uipath.vision/1.7.0\\lib/net452/UiPath.Vision.AbbyyFRE12.dll",
        "C:\\Users\\Rohit\\.nuget\\packages\\uipath.vision/1.7.0\\lib/net452/UiPath.Vision.AbbyyFRECommon.dll",
        "C:\\Users\\Rohit\\.nuget\\packages\\uipath.vision/1.7.0\\lib/net452/UiPath.Vision.AzureComputerVision.dll",
        "C:\\Users\\Rohit\\.nuget\\packages\\uipath.vision/1.7.0\\lib/net452/UiPath.Vision.Core.dll",
        "C:\\Users\\Rohit\\.nuget\\packages\\uipath.vision/1.7.0\\lib/net452/UiPath.Vision.GoogleCloud.dll",
        "C:\\Users\\Rohit\\.nuget\\packages\\uipath.vision/1.7.0\\lib/net452/UiPath.Vision.Microsoft.dll",
        "C:\\Users\\Rohit\\.nuget\\packages\\uipath.vision/1.7.0\\lib/net452/UiPath.Vision.MicrosoftCloud.dll",
        "C:\\Users\\Rohit\\.nuget\\packages\\uipath.vision/1.7.0\\lib/net452/UiPath.Vision.Tesseract.dll",
        "C:\\Users\\Rohit\\.nuget\\packages\\uipath.vision/1.7.0\\lib/net452/UiPath.Vision.dll"
      ]
    },
    {
      "Package": {
        "Id": "UiPathTeam.JsonDataConverter.Activities",
        "Version": "1.1.0"
      },
      "Assemblies": [
        "C:\\Users\\Rohit\\.nuget\\packages\\newtonsoft.json/11.0.2\\lib/net45/Newtonsoft.Json.dll",
        "C:\\Users\\Rohit\\.nuget\\packages\\uipathteam.jsondataconverter.activities/1.1.0\\lib/JsonDataConversion.dll"
      ]
    },
    {
      "Package": {
        "Id": "UiPathTeam.JsonToCsvConverter.Activities",
        "Version": "1.1.0"
      },
      "Assemblies": [
        "C:\\Users\\Rohit\\.nuget\\packages\\newtonsoft.json/11.0.2\\lib/net45/Newtonsoft.Json.dll",
        "C:\\Users\\Rohit\\.nuget\\packages\\uipathteam.jsontocsvconverter.activities/1.1.0\\lib/JsonToCsvProject.dll"
      ]
    },
    {
      "Package": {
        "Id": "UiPathTeam.PDF.Extensions.Activities",
        "Version": "2.3.0"
      },
      "Assemblies": [
        "C:\\Users\\Rohit\\.nuget\\packages\\pdfsharp/1.50.4845-rc2a\\lib/net20/PdfSharp.Charting.dll",
        "C:\\Users\\Rohit\\.nuget\\packages\\pdfsharp/1.50.4845-rc2a\\lib/net20/PdfSharp.dll",
        "C:\\Users\\Rohit\\.nuget\\packages\\uipathteam.pdf.extensions.activities/2.3.0\\lib/UiPathTeam.PDF.Extensions.Activities.dll"
      ]
    },
    {
      "Package": {
        "Id": "UiPathTeam.SimpleDocumentDataExtraction.Activities",
        "Version": "2.0.0"
      },
      "Assemblies": [
        "C:\\Users\\Rohit\\.nuget\\packages\\aforge/2.2.5\\lib/AForge.dll",
        "C:\\Users\\Rohit\\.nuget\\packages\\aforge.genetic/2.2.5\\lib/AForge.Genetic.dll",
        "C:\\Users\\Rohit\\.nuget\\packages\\aforge.imaging/2.2.5\\lib/AForge.Imaging.dll",
        "C:\\Users\\Rohit\\.nuget\\packages\\aforge.math/2.2.5\\lib/AForge.Math.dll",
        "C:\\Users\\Rohit\\.nuget\\packages\\aforge.neuro/2.2.5\\lib/AForge.Neuro.dll",
        "C:\\Users\\Rohit\\.nuget\\packages\\bitmiracle.docotic.pdf/5.9.9640\\lib/net40/BitMiracle.Docotic.Pdf.dll",
        "C:\\Users\\Rohit\\.nuget\\packages\\csvhelper/2.13.5\\lib/net40-client/CsvHelper.dll",
        "C:\\Users\\Rohit\\.nuget\\packages\\fsharp.core/4.0.0.1\\lib/net40/FSharp.Core.dll",
        "C:\\Users\\Rohit\\.nuget\\packages\\ivanakcheurov.ntextcat.lib/0.2.1.1\\lib/net40/IvanAkcheurov.Commons.dll",
        "C:\\Users\\Rohit\\.nuget\\packages\\ivanakcheurov.ntextcat.lib/0.2.1.1\\lib/net40/IvanAkcheurov.NClassify.dll",
        "C:\\Users\\Rohit\\.nuget\\packages\\ivanakcheurov.ntextcat.lib/0.2.1.1\\lib/net40/IvanAkcheurov.NTextCat.Lib.dll",
        "C:\\Users\\Rohit\\.nuget\\packages\\mathnet.numerics/4.8.1\\lib/net461/MathNet.Numerics.dll",
        "C:\\Users\\Rohit\\.nuget\\packages\\metrics.net/0.5.5\\lib/net45/Metrics.dll",
        "C:\\Users\\Rohit\\.nuget\\packages\\microsoft.xaml.behaviors.wpf/1.0.1\\lib/net45/Microsoft.Xaml.Behaviors.dll",
        "C:\\Users\\Rohit\\.nuget\\packages\\newtonsoft.json/11.0.2\\lib/net45/Newtonsoft.Json.dll",
        "C:\\Users\\Rohit\\.nuget\\packages\\numsense/0.12.0\\lib/net45/Ploeh.Numsense.dll",
        "C:\\Users\\Rohit\\.nuget\\packages\\system.collections.immutable/1.5.0\\lib/netstandard2.0/System.Collections.Immutable.dll",
        "C:\\Users\\Rohit\\.nuget\\packages\\system.runtime.interopservices.runtimeinformation/4.3.0\\lib/net45/System.Runtime.InteropServices.RuntimeInformation.dll",
        "C:\\Users\\Rohit\\.nuget\\packages\\system.valuetuple/4.5.0\\lib/net461/System.ValueTuple.dll",
        "C:\\Users\\Rohit\\.nuget\\packages\\uipath.cefsharpbundle/1.1.0\\lib/net452/CefSharp.BrowserSubprocess.Core.dll",
        "C:\\Users\\Rohit\\.nuget\\packages\\uipath.cefsharpbundle/1.1.0\\lib/net452/CefSharp.Core.dll",
        "C:\\Users\\Rohit\\.nuget\\packages\\uipath.cefsharpbundle/1.1.0\\lib/net452/CefSharp.Wpf.dll",
        "C:\\Users\\Rohit\\.nuget\\packages\\uipath.cefsharpbundle/1.1.0\\lib/net452/CefSharp.dll",
        "C:\\Users\\Rohit\\.nuget\\packages\\uipath.cefsharpbundle/1.1.0\\lib/net452/UiPath.CEFSharpBundle.dll",
        "C:\\Users\\Rohit\\.nuget\\packages\\uipath.cefsharpbundle/1.1.0\\lib/net452/chrome_elf.dll",
        "C:\\Users\\Rohit\\.nuget\\packages\\uipath.cefsharpbundle/1.1.0\\lib/net452/d3dcompiler_47.dll",
        "C:\\Users\\Rohit\\.nuget\\packages\\uipath.cefsharpbundle/1.1.0\\lib/net452/libEGL.dll",
        "C:\\Users\\Rohit\\.nuget\\packages\\uipath.cefsharpbundle/1.1.0\\lib/net452/libGLESv2.dll",
        "C:\\Users\\Rohit\\.nuget\\packages\\uipath.cefsharpbundle/1.1.0\\lib/net452/libcef.dll",
        "C:\\Users\\Rohit\\.nuget\\packages\\uipath.cefsharpbundle/1.1.0\\lib/net452/msvcp140.dll",
        "C:\\Users\\Rohit\\.nuget\\packages\\uipath.cefsharpbundle/1.1.0\\lib/net452/swiftshader/libEGL.dll",
        "C:\\Users\\Rohit\\.nuget\\packages\\uipath.cefsharpbundle/1.1.0\\lib/net452/swiftshader/libGLESv2.dll",
        "C:\\Users\\Rohit\\.nuget\\packages\\uipath.cefsharpbundle/1.1.0\\lib/net452/vcruntime140.dll",
        "C:\\Users\\Rohit\\.nuget\\packages\\uipath.documentprocessing.contracts/1.2.0\\lib/net461/UiPath.DocumentProcessing.Contracts.dll",
        "C:\\Users\\Rohit\\.nuget\\packages\\uipath.intelligentocr.activities/3.1.0-alpha.470714\\lib/net461/FCEngine.VisualComponents.dll",
        "C:\\Users\\Rohit\\.nuget\\packages\\uipath.intelligentocr.activities/3.1.0-alpha.470714\\lib/net461/Interop.FCEngine.dll",
        "C:\\Users\\Rohit\\.nuget\\packages\\uipath.intelligentocr.activities/3.1.0-alpha.470714\\lib/net461/UiPath.IntelligentOCR.Activities.Design.dll",
        "C:\\Users\\Rohit\\.nuget\\packages\\uipath.intelligentocr.activities/3.1.0-alpha.470714\\lib/net461/UiPath.IntelligentOCR.Activities.dll",
        "C:\\Users\\Rohit\\.nuget\\packages\\uipath.intelligentocr.activities/3.1.0-alpha.470714\\lib/net461/UiPath.IntelligentOCR.dll",
        "C:\\Users\\Rohit\\.nuget\\packages\\uipath.intelligentocr.activities/3.1.0-alpha.470714\\lib/net461/UiPath.SmartData.Data.dll",
        "C:\\Users\\Rohit\\.nuget\\packages\\uipath.intelligentocr.activities/3.1.0-alpha.470714\\lib/net461/UiPath.SmartData.Digitization.dll",
        "C:\\Users\\Rohit\\.nuget\\packages\\uipath.intelligentocr.activities/3.1.0-alpha.470714\\lib/net461/UiPath.SmartData.DocumentClassification.dll",
        "C:\\Users\\Rohit\\.nuget\\packages\\uipath.intelligentocr.activities/3.1.0-alpha.470714\\lib/net461/UiPath.SmartData.FixedForms.dll",
        "C:\\Users\\Rohit\\.nuget\\packages\\uipath.intelligentocr.activities/3.1.0-alpha.470714\\lib/net461/UiPath.SmartData.Host.Local.Infrastructure.dll",
        "C:\\Users\\Rohit\\.nuget\\packages\\uipath.intelligentocr.activities/3.1.0-alpha.470714\\lib/net461/UiPath.SmartData.ImageProcessing.dll",
        "C:\\Users\\Rohit\\.nuget\\packages\\uipath.intelligentocr.activities/3.1.0-alpha.470714\\lib/net461/UiPath.SmartData.Language.dll",
        "C:\\Users\\Rohit\\.nuget\\packages\\uipath.intelligentocr.activities/3.1.0-alpha.470714\\lib/net461/UiPath.SmartData.Localization.dll",
        "C:\\Users\\Rohit\\.nuget\\packages\\uipath.intelligentocr.activities/3.1.0-alpha.470714\\lib/net461/UiPath.SmartData.OCR.dll",
        "C:\\Users\\Rohit\\.nuget\\packages\\uipath.intelligentocr.activities/3.1.0-alpha.470714\\lib/net461/UiPath.SmartData.OutOfProcessUi.Common.dll",
        "C:\\Users\\Rohit\\.nuget\\packages\\uipath.intelligentocr.activities/3.1.0-alpha.470714\\lib/net461/UiPath.SmartData.PDF.dll",
        "C:\\Users\\Rohit\\.nuget\\packages\\uipath.intelligentocr.activities/3.1.0-alpha.470714\\lib/net461/UiPath.SmartData.TableProcessing.dll",
        "C:\\Users\\Rohit\\.nuget\\packages\\uipath.intelligentocr.activities/3.1.0-alpha.470714\\lib/net461/UiPath.SmartData.TaxonomyManager.dll",
        "C:\\Users\\Rohit\\.nuget\\packages\\uipath.intelligentocr.activities/3.1.0-alpha.470714\\lib/net461/UiPath.SmartData.TaxonomyManager.Host.Local.dll",
        "C:\\Users\\Rohit\\.nuget\\packages\\uipath.intelligentocr.activities/3.1.0-alpha.470714\\lib/net461/UiPath.SmartData.Utils.dll",
        "C:\\Users\\Rohit\\.nuget\\packages\\uipath.intelligentocr.activities/3.1.0-alpha.470714\\lib/net461/UiPath.SmartData.ValidationStation.dll",
        "C:\\Users\\Rohit\\.nuget\\packages\\uipath.intelligentocr.activities/3.1.0-alpha.470714\\lib/net461/UiPath.SmartData.ValidationStation.Host.Local.dll",
        "C:\\Users\\Rohit\\.nuget\\packages\\uipath.intelligentocr.activities/3.1.0-alpha.470714\\lib/net461/UiPath.SmartData.ValidationStation.ValueParsing.dll",
        "C:\\Users\\Rohit\\.nuget\\packages\\uipath.ocr.contracts/2.1.0\\lib/net45/UiPath.OCR.Contracts.dll",
        "C:\\Users\\Rohit\\.nuget\\packages\\uipath.vision/1.7.0\\lib/net452/UiPath.Vision.AbbyyCloud.dll",
        "C:\\Users\\Rohit\\.nuget\\packages\\uipath.vision/1.7.0\\lib/net452/UiPath.Vision.AbbyyFRE11.dll",
        "C:\\Users\\Rohit\\.nuget\\packages\\uipath.vision/1.7.0\\lib/net452/UiPath.Vision.AbbyyFRE12.dll",
        "C:\\Users\\Rohit\\.nuget\\packages\\uipath.vision/1.7.0\\lib/net452/UiPath.Vision.AbbyyFRECommon.dll",
        "C:\\Users\\Rohit\\.nuget\\packages\\uipath.vision/1.7.0\\lib/net452/UiPath.Vision.AzureComputerVision.dll",
        "C:\\Users\\Rohit\\.nuget\\packages\\uipath.vision/1.7.0\\lib/net452/UiPath.Vision.Core.dll",
        "C:\\Users\\Rohit\\.nuget\\packages\\uipath.vision/1.7.0\\lib/net452/UiPath.Vision.GoogleCloud.dll",
        "C:\\Users\\Rohit\\.nuget\\packages\\uipath.vision/1.7.0\\lib/net452/UiPath.Vision.Microsoft.dll",
        "C:\\Users\\Rohit\\.nuget\\packages\\uipath.vision/1.7.0\\lib/net452/UiPath.Vision.MicrosoftCloud.dll",
        "C:\\Users\\Rohit\\.nuget\\packages\\uipath.vision/1.7.0\\lib/net452/UiPath.Vision.Tesseract.dll",
        "C:\\Users\\Rohit\\.nuget\\packages\\uipath.vision/1.7.0\\lib/net452/UiPath.Vision.dll",
        "C:\\Users\\Rohit\\.nuget\\packages\\uipathteam.simpledocumentdataextraction.activities/2.0.0\\lib/net461/UiPathTeam.SimpleDocumentDataExtraction.Activities.Design.dll",
        "C:\\Users\\Rohit\\.nuget\\packages\\uipathteam.simpledocumentdataextraction.activities/2.0.0\\lib/net461/UiPathTeam.SimpleDocumentDataExtraction.Activities.dll"
      ]
    },
    {
      "Package": {
        "Id": "UiPath.IntelligentOCR.Activities",
        "Version": "3.1.0-alpha.470714"
      },
      "Assemblies": [
        "C:\\Users\\Rohit\\.nuget\\packages\\aforge/2.2.5\\lib/AForge.dll",
        "C:\\Users\\Rohit\\.nuget\\packages\\aforge.genetic/2.2.5\\lib/AForge.Genetic.dll",
        "C:\\Users\\Rohit\\.nuget\\packages\\aforge.imaging/2.2.5\\lib/AForge.Imaging.dll",
        "C:\\Users\\Rohit\\.nuget\\packages\\aforge.math/2.2.5\\lib/AForge.Math.dll",
        "C:\\Users\\Rohit\\.nuget\\packages\\aforge.neuro/2.2.5\\lib/AForge.Neuro.dll",
        "C:\\Users\\Rohit\\.nuget\\packages\\bitmiracle.docotic.pdf/5.9.9640\\lib/net40/BitMiracle.Docotic.Pdf.dll",
        "C:\\Users\\Rohit\\.nuget\\packages\\csvhelper/2.13.5\\lib/net40-client/CsvHelper.dll",
        "C:\\Users\\Rohit\\.nuget\\packages\\fsharp.core/4.0.0.1\\lib/net40/FSharp.Core.dll",
        "C:\\Users\\Rohit\\.nuget\\packages\\ivanakcheurov.ntextcat.lib/0.2.1.1\\lib/net40/IvanAkcheurov.Commons.dll",
        "C:\\Users\\Rohit\\.nuget\\packages\\ivanakcheurov.ntextcat.lib/0.2.1.1\\lib/net40/IvanAkcheurov.NClassify.dll",
        "C:\\Users\\Rohit\\.nuget\\packages\\ivanakcheurov.ntextcat.lib/0.2.1.1\\lib/net40/IvanAkcheurov.NTextCat.Lib.dll",
        "C:\\Users\\Rohit\\.nuget\\packages\\mathnet.numerics/4.8.1\\lib/net461/MathNet.Numerics.dll",
        "C:\\Users\\Rohit\\.nuget\\packages\\metrics.net/0.5.5\\lib/net45/Metrics.dll",
        "C:\\Users\\Rohit\\.nuget\\packages\\microsoft.xaml.behaviors.wpf/1.0.1\\lib/net45/Microsoft.Xaml.Behaviors.dll",
        "C:\\Users\\Rohit\\.nuget\\packages\\newtonsoft.json/11.0.2\\lib/net45/Newtonsoft.Json.dll",
        "C:\\Users\\Rohit\\.nuget\\packages\\numsense/0.12.0\\lib/net45/Ploeh.Numsense.dll",
        "C:\\Users\\Rohit\\.nuget\\packages\\system.collections.immutable/1.5.0\\lib/netstandard2.0/System.Collections.Immutable.dll",
        "C:\\Users\\Rohit\\.nuget\\packages\\system.runtime.interopservices.runtimeinformation/4.3.0\\lib/net45/System.Runtime.InteropServices.RuntimeInformation.dll",
        "C:\\Users\\Rohit\\.nuget\\packages\\system.valuetuple/4.5.0\\lib/net461/System.ValueTuple.dll",
        "C:\\Users\\Rohit\\.nuget\\packages\\uipath.cefsharpbundle/1.1.0\\lib/net452/CefSharp.BrowserSubprocess.Core.dll",
        "C:\\Users\\Rohit\\.nuget\\packages\\uipath.cefsharpbundle/1.1.0\\lib/net452/CefSharp.Core.dll",
        "C:\\Users\\Rohit\\.nuget\\packages\\uipath.cefsharpbundle/1.1.0\\lib/net452/CefSharp.Wpf.dll",
        "C:\\Users\\Rohit\\.nuget\\packages\\uipath.cefsharpbundle/1.1.0\\lib/net452/CefSharp.dll",
        "C:\\Users\\Rohit\\.nuget\\packages\\uipath.cefsharpbundle/1.1.0\\lib/net452/UiPath.CEFSharpBundle.dll",
        "C:\\Users\\Rohit\\.nuget\\packages\\uipath.cefsharpbundle/1.1.0\\lib/net452/chrome_elf.dll",
        "C:\\Users\\Rohit\\.nuget\\packages\\uipath.cefsharpbundle/1.1.0\\lib/net452/d3dcompiler_47.dll",
        "C:\\Users\\Rohit\\.nuget\\packages\\uipath.cefsharpbundle/1.1.0\\lib/net452/libEGL.dll",
        "C:\\Users\\Rohit\\.nuget\\packages\\uipath.cefsharpbundle/1.1.0\\lib/net452/libGLESv2.dll",
        "C:\\Users\\Rohit\\.nuget\\packages\\uipath.cefsharpbundle/1.1.0\\lib/net452/libcef.dll",
        "C:\\Users\\Rohit\\.nuget\\packages\\uipath.cefsharpbundle/1.1.0\\lib/net452/msvcp140.dll",
        "C:\\Users\\Rohit\\.nuget\\packages\\uipath.cefsharpbundle/1.1.0\\lib/net452/swiftshader/libEGL.dll",
        "C:\\Users\\Rohit\\.nuget\\packages\\uipath.cefsharpbundle/1.1.0\\lib/net452/swiftshader/libGLESv2.dll",
        "C:\\Users\\Rohit\\.nuget\\packages\\uipath.cefsharpbundle/1.1.0\\lib/net452/vcruntime140.dll",
        "C:\\Users\\Rohit\\.nuget\\packages\\uipath.documentprocessing.contracts/1.2.0\\lib/net461/UiPath.DocumentProcessing.Contracts.dll",
        "C:\\Users\\Rohit\\.nuget\\packages\\uipath.intelligentocr.activities/3.1.0-alpha.470714\\lib/net461/FCEngine.VisualComponents.dll",
        "C:\\Users\\Rohit\\.nuget\\packages\\uipath.intelligentocr.activities/3.1.0-alpha.470714\\lib/net461/Interop.FCEngine.dll",
        "C:\\Users\\Rohit\\.nuget\\packages\\uipath.intelligentocr.activities/3.1.0-alpha.470714\\lib/net461/UiPath.IntelligentOCR.Activities.Design.dll",
        "C:\\Users\\Rohit\\.nuget\\packages\\uipath.intelligentocr.activities/3.1.0-alpha.470714\\lib/net461/UiPath.IntelligentOCR.Activities.dll",
        "C:\\Users\\Rohit\\.nuget\\packages\\uipath.intelligentocr.activities/3.1.0-alpha.470714\\lib/net461/UiPath.IntelligentOCR.dll",
        "C:\\Users\\Rohit\\.nuget\\packages\\uipath.intelligentocr.activities/3.1.0-alpha.470714\\lib/net461/UiPath.SmartData.Data.dll",
        "C:\\Users\\Rohit\\.nuget\\packages\\uipath.intelligentocr.activities/3.1.0-alpha.470714\\lib/net461/UiPath.SmartData.Digitization.dll",
        "C:\\Users\\Rohit\\.nuget\\packages\\uipath.intelligentocr.activities/3.1.0-alpha.470714\\lib/net461/UiPath.SmartData.DocumentClassification.dll",
        "C:\\Users\\Rohit\\.nuget\\packages\\uipath.intelligentocr.activities/3.1.0-alpha.470714\\lib/net461/UiPath.SmartData.FixedForms.dll",
        "C:\\Users\\Rohit\\.nuget\\packages\\uipath.intelligentocr.activities/3.1.0-alpha.470714\\lib/net461/UiPath.SmartData.Host.Local.Infrastructure.dll",
        "C:\\Users\\Rohit\\.nuget\\packages\\uipath.intelligentocr.activities/3.1.0-alpha.470714\\lib/net461/UiPath.SmartData.ImageProcessing.dll",
        "C:\\Users\\Rohit\\.nuget\\packages\\uipath.intelligentocr.activities/3.1.0-alpha.470714\\lib/net461/UiPath.SmartData.Language.dll",
        "C:\\Users\\Rohit\\.nuget\\packages\\uipath.intelligentocr.activities/3.1.0-alpha.470714\\lib/net461/UiPath.SmartData.Localization.dll",
        "C:\\Users\\Rohit\\.nuget\\packages\\uipath.intelligentocr.activities/3.1.0-alpha.470714\\lib/net461/UiPath.SmartData.OCR.dll",
        "C:\\Users\\Rohit\\.nuget\\packages\\uipath.intelligentocr.activities/3.1.0-alpha.470714\\lib/net461/UiPath.SmartData.OutOfProcessUi.Common.dll",
        "C:\\Users\\Rohit\\.nuget\\packages\\uipath.intelligentocr.activities/3.1.0-alpha.470714\\lib/net461/UiPath.SmartData.PDF.dll",
        "C:\\Users\\Rohit\\.nuget\\packages\\uipath.intelligentocr.activities/3.1.0-alpha.470714\\lib/net461/UiPath.SmartData.TableProcessing.dll",
        "C:\\Users\\Rohit\\.nuget\\packages\\uipath.intelligentocr.activities/3.1.0-alpha.470714\\lib/net461/UiPath.SmartData.TaxonomyManager.dll",
        "C:\\Users\\Rohit\\.nuget\\packages\\uipath.intelligentocr.activities/3.1.0-alpha.470714\\lib/net461/UiPath.SmartData.TaxonomyManager.Host.Local.dll",
        "C:\\Users\\Rohit\\.nuget\\packages\\uipath.intelligentocr.activities/3.1.0-alpha.470714\\lib/net461/UiPath.SmartData.Utils.dll",
        "C:\\Users\\Rohit\\.nuget\\packages\\uipath.intelligentocr.activities/3.1.0-alpha.470714\\lib/net461/UiPath.SmartData.ValidationStation.dll",
        "C:\\Users\\Rohit\\.nuget\\packages\\uipath.intelligentocr.activities/3.1.0-alpha.470714\\lib/net461/UiPath.SmartData.ValidationStation.Host.Local.dll",
        "C:\\Users\\Rohit\\.nuget\\packages\\uipath.intelligentocr.activities/3.1.0-alpha.470714\\lib/net461/UiPath.SmartData.ValidationStation.ValueParsing.dll",
        "C:\\Users\\Rohit\\.nuget\\packages\\uipath.ocr.contracts/2.1.0\\lib/net45/UiPath.OCR.Contracts.dll",
        "C:\\Users\\Rohit\\.nuget\\packages\\uipath.vision/1.7.0\\lib/net452/UiPath.Vision.AbbyyCloud.dll",
        "C:\\Users\\Rohit\\.nuget\\packages\\uipath.vision/1.7.0\\lib/net452/UiPath.Vision.AbbyyFRE11.dll",
        "C:\\Users\\Rohit\\.nuget\\packages\\uipath.vision/1.7.0\\lib/net452/UiPath.Vision.AbbyyFRE12.dll",
        "C:\\Users\\Rohit\\.nuget\\packages\\uipath.vision/1.7.0\\lib/net452/UiPath.Vision.AbbyyFRECommon.dll",
        "C:\\Users\\Rohit\\.nuget\\packages\\uipath.vision/1.7.0\\lib/net452/UiPath.Vision.AzureComputerVision.dll",
        "C:\\Users\\Rohit\\.nuget\\packages\\uipath.vision/1.7.0\\lib/net452/UiPath.Vision.Core.dll",
        "C:\\Users\\Rohit\\.nuget\\packages\\uipath.vision/1.7.0\\lib/net452/UiPath.Vision.GoogleCloud.dll",
        "C:\\Users\\Rohit\\.nuget\\packages\\uipath.vision/1.7.0\\lib/net452/UiPath.Vision.Microsoft.dll",
        "C:\\Users\\Rohit\\.nuget\\packages\\uipath.vision/1.7.0\\lib/net452/UiPath.Vision.MicrosoftCloud.dll",
        "C:\\Users\\Rohit\\.nuget\\packages\\uipath.vision/1.7.0\\lib/net452/UiPath.Vision.Tesseract.dll",
        "C:\\Users\\Rohit\\.nuget\\packages\\uipath.vision/1.7.0\\lib/net452/UiPath.Vision.dll"
      ]
    }
  ],
  "Conflicts": [],
  "ResolvedDependencies": {
    "Abbyy.Activities.UiPath.FlexiCaptureActivities": {
      "Id": "Abbyy.Activities.UiPath.FlexiCaptureActivities",
      "Version": "1.0.0.53",
      "Dependencies": []
    },
    "AForge": {
      "Id": "AForge",
      "Version": "2.2.5",
      "Dependencies": []
    },
    "AForge.Genetic": {
      "Id": "AForge.Genetic",
      "Version": "2.2.5",
      "Dependencies": [
        {
          "Item1": "AForge",
          "Item2": "[2.2.5, )"
        },
        {
          "Item1": "AForge.Math",
          "Item2": "[2.2.5, )"
        }
      ]
    },
    "AForge.Imaging": {
      "Id": "AForge.Imaging",
      "Version": "2.2.5",
      "Dependencies": [
        {
          "Item1": "AForge",
          "Item2": "[2.2.5, )"
        },
        {
          "Item1": "AForge.Math",
          "Item2": "[2.2.5, )"
        }
      ]
    },
    "AForge.Math": {
      "Id": "AForge.Math",
      "Version": "2.2.5",
      "Dependencies": [
        {
          "Item1": "AForge",
          "Item2": "[2.2.5, )"
        }
      ]
    },
    "AForge.Neuro": {
      "Id": "AForge.Neuro",
      "Version": "2.2.5",
      "Dependencies": [
        {
          "Item1": "AForge",
          "Item2": "[2.2.5, )"
        },
        {
          "Item1": "AForge.Math",
          "Item2": "[2.2.5, )"
        },
        {
          "Item1": "AForge.Genetic",
          "Item2": "[2.2.5, )"
        }
      ]
    },
    "AvalonEdit": {
      "Id": "AvalonEdit",
      "Version": "5.0.3",
      "Dependencies": []
    },
    "BalaReva.CSV.Activities": {
      "Id": "BalaReva.CSV.Activities",
      "Version": "2019.0.0",
      "Dependencies": []
    },
    "BitMiracle.Docotic.Pdf": {
      "Id": "BitMiracle.Docotic.Pdf",
      "Version": "5.9.9640",
      "Dependencies": []
    },
    "BouncyCastle": {
      "Id": "BouncyCastle",
      "Version": "1.8.1",
      "Dependencies": []
    },
    "ClosedXML": {
      "Id": "ClosedXML",
      "Version": "0.87.1",
      "Dependencies": [
        {
          "Item1": "DocumentFormat.OpenXml",
          "Item2": "[2.5.0, )"
        }
      ]
    },
    "ConvertUtilityExcelToDictionary": {
      "Id": "ConvertUtilityExcelToDictionary",
      "Version": "1.0.0",
      "Dependencies": []
    },
    "CredentialManagement": {
      "Id": "CredentialManagement",
      "Version": "1.0.2",
      "Dependencies": []
    },
    "CsvHelper": {
      "Id": "CsvHelper",
      "Version": "2.13.5",
      "Dependencies": []
    },
    "DocumentFormat.OpenXml": {
      "Id": "DocumentFormat.OpenXml",
      "Version": "2.5.0",
      "Dependencies": []
    },
    "Extended.Wpf.Toolkit": {
      "Id": "Extended.Wpf.Toolkit",
      "Version": "2.8.0",
      "Dependencies": []
    },
    "FSharp.Core": {
      "Id": "FSharp.Core",
      "Version": "4.0.0.1",
      "Dependencies": []
    },
    "Humanizer.Core": {
      "Id": "Humanizer.Core",
      "Version": "2.4.2",
      "Dependencies": []
    },
    "interop.domino.dll": {
      "Id": "interop.domino.dll",
      "Version": "1.0.0",
      "Dependencies": []
    },
    "iTextSharp": {
      "Id": "iTextSharp",
      "Version": "5.5.13",
      "Dependencies": []
    },
    "IvanAkcheurov.NTextCat.Lib": {
      "Id": "IvanAkcheurov.NTextCat.Lib",
      "Version": "0.2.1.1",
      "Dependencies": []
    },
    "MathNet.Numerics": {
      "Id": "MathNet.Numerics",
      "Version": "4.8.1",
      "Dependencies": []
    },
    "Metrics.NET": {
      "Id": "Metrics.NET",
      "Version": "0.5.5",
      "Dependencies": []
    },
    "Microsoft.Activities.Extensions": {
      "Id": "Microsoft.Activities.Extensions",
      "Version": "2.0.6.9",
      "Dependencies": []
    },
    "Microsoft.AspNet.SignalR.Client": {
      "Id": "Microsoft.AspNet.SignalR.Client",
      "Version": "2.4.0",
      "Dependencies": [
        {
          "Item1": "Newtonsoft.Json",
          "Item2": "[6.0.4, )"
        }
      ]
    },
    "Microsoft.Exchange.WebServices": {
      "Id": "Microsoft.Exchange.WebServices",
      "Version": "2.2.0",
      "Dependencies": []
    },
    "Microsoft.Extensions.FileSystemGlobbing": {
      "Id": "Microsoft.Extensions.FileSystemGlobbing",
      "Version": "2.2.0",
      "Dependencies": []
    },
    "Microsoft.Rest.ClientRuntime": {
      "Id": "Microsoft.Rest.ClientRuntime",
      "Version": "2.3.20",
      "Dependencies": [
        {
          "Item1": "Newtonsoft.Json",
          "Item2": "[10.0.3, )"
        }
      ]
    },
    "Microsoft.VisualStudio.OLE.Interop": {
      "Id": "Microsoft.VisualStudio.OLE.Interop",
      "Version": "7.10.6071",
      "Dependencies": []
    },
    "Microsoft.Xaml.Behaviors.Wpf": {
      "Id": "Microsoft.Xaml.Behaviors.Wpf",
      "Version": "1.0.1",
      "Dependencies": []
    },
    "Newtonsoft.Json": {
      "Id": "Newtonsoft.Json",
      "Version": "11.0.2",
      "Dependencies": []
    },
    "NPOI": {
      "Id": "NPOI",
      "Version": "2.4.1",
      "Dependencies": [
        {
          "Item1": "SharpZipLib",
          "Item2": "[1.0.0, )"
        }
      ]
    },
    "Numsense": {
      "Id": "Numsense",
      "Version": "0.12.0",
      "Dependencies": [
        {
          "Item1": "FSharp.Core",
          "Item2": "[4.0.0.1, )"
        }
      ]
    },
    "PDFsharp": {
      "Id": "PDFsharp",
      "Version": "1.50.4845-RC2a",
      "Dependencies": []
    },
    "PDF_Activities": {
      "Id": "PDF_Activities",
      "Version": "1.0.2",
      "Dependencies": [
        {
          "Item1": "iTextSharp",
          "Item2": "[5.5.13, )"
        }
      ]
    },
    "RestSharp": {
      "Id": "RestSharp",
      "Version": "106.6.9",
      "Dependencies": []
    },
    "SharpZipLib": {
      "Id": "SharpZipLib",
      "Version": "1.0.0",
      "Dependencies": []
    },
    "System.Collections.Immutable": {
      "Id": "System.Collections.Immutable",
      "Version": "1.5.0",
      "Dependencies": []
    },
    "System.Runtime.InteropServices.RuntimeInformation": {
      "Id": "System.Runtime.InteropServices.RuntimeInformation",
      "Version": "4.3.0",
      "Dependencies": []
    },
    "System.ValueTuple": {
      "Id": "System.ValueTuple",
      "Version": "4.5.0",
      "Dependencies": []
    },
    "UiPath": {
      "Id": "UiPath",
      "Version": "19.7.7128.27029",
      "Dependencies": []
    },
    "UiPath.CefSharpBundle": {
      "Id": "UiPath.CefSharpBundle",
      "Version": "1.1.0",
      "Dependencies": []
    },
    "UiPath.ComputerVision.Activities": {
      "Id": "UiPath.ComputerVision.Activities",
      "Version": "2.0.1",
      "Dependencies": [
        {
          "Item1": "UiPath.UIAutomation.Activities",
          "Item2": "[19.4.1, )"
        },
        {
          "Item1": "UiPath.Vision",
          "Item2": "[1.6.0, )"
        },
        {
          "Item1": "UiPath.OCR.Contracts",
          "Item2": "[1.1.0, )"
        },
        {
          "Item1": "Newtonsoft.Json",
          "Item2": "[11.0.2, )"
        }
      ]
    },
    "UiPath.Credentials.Activities": {
      "Id": "UiPath.Credentials.Activities",
      "Version": "1.1.6479.13204",
      "Dependencies": [
        {
          "Item1": "CredentialManagement",
          "Item2": "[1.0.2, )"
        }
      ]
    },
    "UiPath.Database.Activities": {
      "Id": "UiPath.Database.Activities",
      "Version": "1.2.6863.32528",
      "Dependencies": []
    },
    "UiPath.DataRobot.Activities": {
      "Id": "UiPath.DataRobot.Activities",
      "Version": "1.0.0",
      "Dependencies": [
        {
          "Item1": "RestSharp",
          "Item2": "[106.6.9, )"
        }
      ]
    },
    "UiPath.DocumentProcessing.Contracts": {
      "Id": "UiPath.DocumentProcessing.Contracts",
      "Version": "1.2.0",
      "Dependencies": [
        {
          "Item1": "Newtonsoft.Json",
          "Item2": "[11.0.2, )"
        }
      ]
    },
    "UiPath.Excel.Activities": {
      "Id": "UiPath.Excel.Activities",
      "Version": "2.5.3",
      "Dependencies": [
        {
          "Item1": "ClosedXML",
          "Item2": "[0.87.1, )"
        },
        {
          "Item1": "CsvHelper",
          "Item2": "[2.13.5, )"
        },
        {
          "Item1": "DocumentFormat.OpenXml",
          "Item2": "[2.5.0, )"
        },
        {
          "Item1": "Microsoft.VisualStudio.OLE.Interop",
          "Item2": "[7.10.6071, )"
        },
        {
          "Item1": "NPOI",
          "Item2": "[2.4.1, )"
        },
        {
          "Item1": "SharpZipLib",
          "Item2": "[1.0.0, )"
        }
      ]
    },
    "UiPath.IntelligentOCR.Activities": {
      "Id": "UiPath.IntelligentOCR.Activities",
      "Version": "3.1.0-alpha.470714",
      "Dependencies": [
        {
          "Item1": "UiPath.Vision",
          "Item2": "[1.7.0, )"
        },
        {
          "Item1": "UiPath.OCR.Contracts",
          "Item2": "[2.1.0, )"
        },
        {
          "Item1": "Microsoft.Xaml.Behaviors.Wpf",
          "Item2": "[1.0.1, )"
        },
        {
          "Item1": "System.Collections.Immutable",
          "Item2": "[1.5.0, )"
        },
        {
          "Item1": "System.ValueTuple",
          "Item2": "[4.5.0, )"
        },
        {
          "Item1": "UiPath.DocumentProcessing.Contracts",
          "Item2": "[1.2.0, )"
        },
        {
          "Item1": "BitMiracle.Docotic.Pdf",
          "Item2": "[5.9.9640, )"
        },
        {
          "Item1": "Metrics.NET",
          "Item2": "[0.5.5, )"
        },
        {
          "Item1": "IvanAkcheurov.NTextCat.Lib",
          "Item2": "[0.2.1.1, )"
        },
        {
          "Item1": "AForge.Imaging",
          "Item2": "[2.2.5, )"
        },
        {
          "Item1": "AForge.Neuro",
          "Item2": "[2.2.5, )"
        },
        {
          "Item1": "CsvHelper",
          "Item2": "[2.13.5, )"
        },
        {
          "Item1": "MathNet.Numerics",
          "Item2": "[4.5.1, )"
        },
        {
          "Item1": "UiPath.CefSharpBundle",
          "Item2": "[1.1.0, )"
        },
        {
          "Item1": "Numsense",
          "Item2": "[0.12.0, )"
        },
        {
          "Item1": "System.Runtime.InteropServices.RuntimeInformation",
          "Item2": "[4.3.0, )"
        }
      ]
    },
    "UiPath.Mail.Activities": {
      "Id": "UiPath.Mail.Activities",
      "Version": "1.4.0",
      "Dependencies": [
        {
          "Item1": "Microsoft.Exchange.WebServices",
          "Item2": "[2.2.0, )"
        },
        {
          "Item1": "BouncyCastle",
          "Item2": "[1.8.1, )"
        },
        {
          "Item1": "interop.domino.dll",
          "Item2": "[1.0.0, )"
        }
      ]
    },
    "UiPath.OCR.Activities": {
      "Id": "UiPath.OCR.Activities",
      "Version": "1.0.5998.20115",
      "Dependencies": []
    },
    "UiPath.OCR.Contracts": {
      "Id": "UiPath.OCR.Contracts",
      "Version": "2.1.0",
      "Dependencies": []
    },
    "UiPath.PDF.Activities": {
      "Id": "UiPath.PDF.Activities",
      "Version": "2.1.0",
      "Dependencies": [
        {
          "Item1": "UiPath.OCR.Contracts",
          "Item2": "[1.0.0, )"
        },
        {
          "Item1": "System.ValueTuple",
          "Item2": "[4.5.0, )"
        },
        {
          "Item1": "BitMiracle.Docotic.Pdf",
          "Item2": "[5.2.8369, )"
        }
      ]
    },
    "UiPath.System.Activities": {
      "Id": "UiPath.System.Activities",
      "Version": "19.8.0",
      "Dependencies": [
        {
          "Item1": "CsvHelper",
          "Item2": "[2.13.5, )"
        },
        {
          "Item1": "Microsoft.AspNet.SignalR.Client",
          "Item2": "[2.4.0, )"
        },
        {
          "Item1": "Microsoft.Extensions.FileSystemGlobbing",
          "Item2": "[2.2.0, )"
        },
        {
          "Item1": "Microsoft.Rest.ClientRuntime",
          "Item2": "[2.3.20, )"
        },
        {
          "Item1": "Newtonsoft.Json",
          "Item2": "[11.0.2, )"
        }
      ]
    },
    "UiPath.UIAutomation.Activities": {
      "Id": "UiPath.UIAutomation.Activities",
      "Version": "19.7.0",
      "Dependencies": [
        {
          "Item1": "UiPath",
          "Item2": "[19.7.7128.27029, )"
        },
        {
          "Item1": "UiPath.Vision",
          "Item2": "[1.6.1, )"
        },
        {
          "Item1": "UiPath.OCR.Contracts",
          "Item2": "[2.0.0, )"
        },
        {
          "Item1": "AvalonEdit",
          "Item2": "[5.0.3, )"
        },
        {
          "Item1": "Extended.Wpf.Toolkit",
          "Item2": "[2.8.0, )"
        },
        {
          "Item1": "Humanizer.Core",
          "Item2": "[2.4.2, )"
        }
      ]
    },
    "UiPath.Vision": {
      "Id": "UiPath.Vision",
      "Version": "1.7.0",
      "Dependencies": []
    },
    "UiPathTeam.JsonDataConverter.Activities": {
      "Id": "UiPathTeam.JsonDataConverter.Activities",
      "Version": "1.1.0",
      "Dependencies": [
        {
          "Item1": "Newtonsoft.Json",
          "Item2": "[10.0.3, )"
        }
      ]
    },
    "UiPathTeam.JsonToCsvConverter.Activities": {
      "Id": "UiPathTeam.JsonToCsvConverter.Activities",
      "Version": "1.1.0",
      "Dependencies": [
        {
          "Item1": "Newtonsoft.Json",
          "Item2": "[10.0.3, )"
        }
      ]
    },
    "UiPathTeam.PDF.Extensions.Activities": {
      "Id": "UiPathTeam.PDF.Extensions.Activities",
      "Version": "2.3.0",
      "Dependencies": [
        {
          "Item1": "PDFsharp",
          "Item2": "[1.50.4845-RC2a, )"
        }
      ]
    },
    "UiPathTeam.SimpleDocumentDataExtraction.Activities": {
      "Id": "UiPathTeam.SimpleDocumentDataExtraction.Activities",
      "Version": "2.0.0",
      "Dependencies": [
        {
          "Item1": "UiPath.IntelligentOCR.Activities",
          "Item2": "[2.1.0, )"
        }
      ]
    }
  }
}