{"DocumentId":"2003591_206025.pdf","ResultsVersion":0,"ResultsDocument":{"Bounds":{"StartPage":0,"PageCount":1,"TextStartIndex":0,"TextLength":2975},"Language":null,"DocumentGroup":"Test","DocumentCategory":"Financial","DocumentTypeId":"Test.Financial.Invoice","DocumentTypeName":"Invoice","DocumentTypeDataVersion":0,"DataVersion":0,"DocumentTypeSource":"Automatic","DocumentTypeField":{"Components":[],"Value":"Invoice","Reference":{"TextStartIndex":0,"TextLength":0,"Tokens":[]},"DerivedFields":[],"Confidence":1.0,"OperatorConfirmed":false,"OcrConfidence":-1.0},"Fields":[{"FieldId":"Test.Financial.Invoice.Name","FieldName":"Name","FieldType":"Text","IsMissing":false,"DataSource":"Automatic","Values":[{"Components":[],"Value":"Grant Medical Foundation","Reference":{"TextStartIndex":0,"TextLength":0,"Tokens":[{"TextStartIndex":0,"TextLength":0,"Page":0,"PageWidth":595.0,"PageHeight":841.0,"Boxes":[[45.0,103.0,36.0,12.0]]},{"TextStartIndex":0,"TextLength":0,"Page":0,"PageWidth":595.0,"PageHeight":841.0,"Boxes":[[45.0,140.0,48.0,12.0]]},{"TextStartIndex":0,"TextLength":0,"Page":0,"PageWidth":595.0,"PageHeight":841.0,"Boxes":[[45.0,192.0,60.0,12.0]]}]},"DerivedFields":[],"Confidence":0.8888889,"OperatorConfirmed":false,"OcrConfidence":0.8888889}],"DataVersion":0},{"FieldId":"Test.Financial.Invoice.VendorAddress","FieldName":"Vendor Address","FieldType":"Address","IsMissing":false,"DataSource":"Automatic","Values":[{"Components":[],"Value":"Gandhi Infotech Park,MIDC,Phase No.1,Plot No P-33,Hinjawadi,Pune-411057","Reference":{"TextStartIndex":0,"TextLength":0,"Tokens":[{"TextStartIndex":0,"TextLength":0,"Page":0,"PageWidth":595.0,"PageHeight":841.0,"Boxes":[[96.0,82.0,32.0,11.0]]},{"TextStartIndex":0,"TextLength":0,"Page":0,"PageWidth":595.0,"PageHeight":841.0,"Boxes":[[96.0,116.0,30.0,11.0]]},{"TextStartIndex":0,"TextLength":0,"Page":0,"PageWidth":595.0,"PageHeight":841.0,"Boxes":[[96.0,153.0,77.0,11.0]]},{"TextStartIndex":0,"TextLength":0,"Page":0,"PageWidth":595.0,"PageHeight":841.0,"Boxes":[[96.0,233.0,45.0,11.0]]},{"TextStartIndex":0,"TextLength":0,"Page":0,"PageWidth":595.0,"PageHeight":841.0,"Boxes":[[96.0,280.0,12.0,11.0]]},{"TextStartIndex":0,"TextLength":0,"Page":0,"PageWidth":595.0,"PageHeight":841.0,"Boxes":[[96.0,298.0,127.0,11.0]]}]},"DerivedFields":[{"FieldId":"Address Line 1","Value":"Gandhi Infotech Park MIDC Phase No1 Plot P-33 Hinjawadi Pune-411057"},{"FieldId":"City","Value":"No"},{"FieldId":"Country","Value":"Denmark"},{"FieldId":"State / County / Province","Value":"Central Jutland"}],"Confidence":0.5416667,"OperatorConfirmed":false,"OcrConfidence":0.5416667}],"DataVersion":0},{"FieldId":"Test.Financial.Invoice.BillingAddress","FieldName":"Billing Address","FieldType":"Address","IsMissing":true,"DataSource":"Automatic","Values":[],"DataVersion":0},{"FieldId":"Test.Financial.Invoice.ShippingAddress","FieldName":"Shipping Address","FieldType":"Address","IsMissing":true,"DataSource":"Automatic","Values":[],"DataVersion":0},{"FieldId":"Test.Financial.Invoice.Date","FieldName":"Date","FieldType":"Date","IsMissing":false,"DataSource":"Automatic","Values":[{"Components":[],"Value":"2018-06-18","Reference":{"TextStartIndex":0,"TextLength":0,"Tokens":[{"TextStartIndex":0,"TextLength":0,"Page":0,"PageWidth":595.0,"PageHeight":841.0,"Boxes":[[179.0,406.0,44.0,11.0]]},{"TextStartIndex":0,"TextLength":0,"Page":0,"PageWidth":595.0,"PageHeight":841.0,"Boxes":[[179.0,457.0,14.0,11.0]]}]},"DerivedFields":[{"FieldId":"Year","Value":"2018"},{"FieldId":"Month","Value":"6"},{"FieldId":"Day","Value":"18"}],"Confidence":0.5,"OperatorConfirmed":false,"OcrConfidence":0.5}],"DataVersion":0},{"FieldId":"Test.Financial.Invoice.InvoiceNo","FieldName":"Invoice No.","FieldType":"Text","IsMissing":true,"DataSource":"Automatic","Values":[],"DataVersion":0},{"FieldId":"Test.Financial.Invoice.PONo","FieldName":"PO No.","FieldType":"Text","IsMissing":true,"DataSource":"Automatic","Values":[],"DataVersion":0},{"FieldId":"Test.Financial.Invoice.TaxAmount","FieldName":"Tax Amount","FieldType":"Text","IsMissing":true,"DataSource":"Automatic","Values":[],"DataVersion":0},{"FieldId":"Test.Financial.Invoice.Total","FieldName":"Total","FieldType":"Text","IsMissing":true,"DataSource":"Automatic","Values":[],"DataVersion":0},{"FieldId":"Test.Financial.Invoice.Currency","FieldName":"Currency","FieldType":"Text","IsMissing":false,"DataSource":"Automatic","Values":[{"Components":[],"Value":"INR","Reference":{"TextStartIndex":0,"TextLength":0,"Tokens":[{"TextStartIndex":0,"TextLength":0,"Page":0,"PageWidth":595.0,"PageHeight":841.0,"Boxes":[[0.0,0.0,0.0,0.0]]}]},"DerivedFields":[],"Confidence":0.86,"OperatorConfirmed":false,"OcrConfidence":0.86}],"DataVersion":0},{"FieldId":"Test.Financial.Invoice.Items","FieldName":"Items","FieldType":"Table","IsMissing":false,"DataSource":"Automatic","Values":[{"Components":[{"FieldId":"Test.Financial.Invoice.Items.Header","FieldName":"Header","FieldType":"Internal","IsMissing":false,"DataSource":"Automatic","Values":[{"Components":[{"FieldId":"Test.Financial.Invoice.Items.Description","FieldName":"Description","FieldType":"Text","IsMissing":false,"DataSource":"Automatic","Values":[{"Components":[],"Value":"description","Reference":{"TextStartIndex":0,"TextLength":0,"Tokens":[]},"DerivedFields":[],"Confidence":-1.0,"OperatorConfirmed":false,"OcrConfidence":-1.0}],"DataVersion":0},{"FieldId":"Test.Financial.Invoice.Items.ItemPONo","FieldName":"Item PO No.","FieldType":"Text","IsMissing":false,"DataSource":"Automatic","Values":[{"Components":[],"Value":"item-po-no","Reference":{"TextStartIndex":0,"TextLength":0,"Tokens":[]},"DerivedFields":[],"Confidence":-1.0,"OperatorConfirmed":false,"OcrConfidence":-1.0}],"DataVersion":0},{"FieldId":"Test.Financial.Invoice.Items.Qty","FieldName":"Qty.","FieldType":"Number","IsMissing":false,"DataSource":"Automatic","Values":[{"Components":[],"Value":"quantity","Reference":{"TextStartIndex":0,"TextLength":0,"Tokens":[]},"DerivedFields":[],"Confidence":-1.0,"OperatorConfirmed":false,"OcrConfidence":-1.0}],"DataVersion":0},{"FieldId":"Test.Financial.Invoice.Items.UnitPrice","FieldName":"Unit Price","FieldType":"Text","IsMissing":false,"DataSource":"Automatic","Values":[{"Components":[],"Value":"unit-price","Reference":{"TextStartIndex":0,"TextLength":0,"Tokens":[]},"DerivedFields":[],"Confidence":-1.0,"OperatorConfirmed":false,"OcrConfidence":-1.0}],"DataVersion":0},{"FieldId":"Test.Financial.Invoice.Items.Amount","FieldName":"Amount","FieldType":"Text","IsMissing":false,"DataSource":"Automatic","Values":[{"Components":[],"Value":"line-amount","Reference":{"TextStartIndex":0,"TextLength":0,"Tokens":[]},"DerivedFields":[],"Confidence":-1.0,"OperatorConfirmed":false,"OcrConfidence":-1.0}],"DataVersion":0}],"Value":"","Reference":{"TextStartIndex":0,"TextLength":0,"Tokens":[]},"DerivedFields":[],"Confidence":-1.0,"OperatorConfirmed":false,"OcrConfidence":-1.0}],"DataVersion":0},{"FieldId":"Test.Financial.Invoice.Items.Body","FieldName":"Body","FieldType":"Internal","IsMissing":false,"DataSource":"Automatic","Values":[{"Components":[{"FieldId":"Test.Financial.Invoice.Items.Description","FieldName":"Description","FieldType":"Text","IsMissing":false,"DataSource":"Automatic","Values":[{"Components":[],"Value":"SPECIFIC GRAVITY ALBUMIN SUGAR KETONE BODIES BILE PIGMENTS UROBILINOGEN NITRITES LEUCOCYTES ESTERASE MICROSCOPIC TEST","Reference":{"TextStartIndex":0,"TextLength":0,"Tokens":[{"TextStartIndex":0,"TextLength":0,"Page":0,"PageWidth":595.0,"PageHeight":841.0,"Boxes":[[358.0,47.0,30.0,7.0]]},{"TextStartIndex":0,"TextLength":0,"Page":0,"PageWidth":595.0,"PageHeight":841.0,"Boxes":[[358.0,81.0,28.0,7.0]]},{"TextStartIndex":0,"TextLength":0,"Page":0,"PageWidth":595.0,"PageHeight":841.0,"Boxes":[[372.0,47.0,29.0,7.0]]},{"TextStartIndex":0,"TextLength":0,"Page":0,"PageWidth":595.0,"PageHeight":841.0,"Boxes":[[385.0,47.0,22.0,7.0]]},{"TextStartIndex":0,"TextLength":0,"Page":0,"PageWidth":595.0,"PageHeight":841.0,"Boxes":[[398.0,47.0,27.0,11.0]]},{"TextStartIndex":0,"TextLength":0,"Page":0,"PageWidth":595.0,"PageHeight":841.0,"Boxes":[[398.0,79.0,24.0,11.0]]},{"TextStartIndex":0,"TextLength":0,"Page":0,"PageWidth":595.0,"PageHeight":841.0,"Boxes":[[411.0,49.0,13.0,9.0]]},{"TextStartIndex":0,"TextLength":0,"Page":0,"PageWidth":595.0,"PageHeight":841.0,"Boxes":[[411.0,66.0,33.0,9.0]]},{"TextStartIndex":0,"TextLength":0,"Page":0,"PageWidth":595.0,"PageHeight":841.0,"Boxes":[[425.0,49.0,49.0,9.0]]},{"TextStartIndex":0,"TextLength":0,"Page":0,"PageWidth":595.0,"PageHeight":841.0,"Boxes":[[439.0,47.0,31.0,7.0]]},{"TextStartIndex":0,"TextLength":0,"Page":0,"PageWidth":595.0,"PageHeight":841.0,"Boxes":[[453.0,48.0,42.0,7.0]]},{"TextStartIndex":0,"TextLength":0,"Page":0,"PageWidth":595.0,"PageHeight":841.0,"Boxes":[[453.0,94.0,33.0,7.0]]},{"TextStartIndex":0,"TextLength":0,"Page":0,"PageWidth":595.0,"PageHeight":841.0,"Boxes":[[470.0,47.0,59.0,10.0]]},{"TextStartIndex":0,"TextLength":0,"Page":0,"PageWidth":595.0,"PageHeight":841.0,"Boxes":[[470.0,112.0,18.0,10.0]]}]},"DerivedFields":[],"Confidence":0.525974035,"OperatorConfirmed":false,"OcrConfidence":0.525974035}],"DataVersion":0},{"FieldId":"Test.Financial.Invoice.Items.ItemPONo","FieldName":"Item PO No.","FieldType":"Text","IsMissing":true,"DataSource":"Automatic","Values":null,"DataVersion":0},{"FieldId":"Test.Financial.Invoice.Items.Qty","FieldName":"Qty.","FieldType":"Number","IsMissing":false,"DataSource":"Automatic","Values":[{"Components":[],"Value":"1.025","Reference":{"TextStartIndex":0,"TextLength":0,"Tokens":[{"TextStartIndex":0,"TextLength":0,"Page":0,"PageWidth":595.0,"PageHeight":841.0,"Boxes":[[357.0,212.0,16.0,10.0]]}]},"DerivedFields":[],"Confidence":0.0,"OperatorConfirmed":false,"OcrConfidence":0.0}],"DataVersion":0},{"FieldId":"Test.Financial.Invoice.Items.UnitPrice","FieldName":"Unit Price","FieldType":"Text","IsMissing":false,"DataSource":"Automatic","Values":[{"Components":[],"Value":"5.0-7.0 1.015-1.030","Reference":{"TextStartIndex":0,"TextLength":0,"Tokens":[{"TextStartIndex":0,"TextLength":0,"Page":0,"PageWidth":595.0,"PageHeight":841.0,"Boxes":[[345.0,302.0,21.0,8.0]]},{"TextStartIndex":0,"TextLength":0,"Page":0,"PageWidth":595.0,"PageHeight":841.0,"Boxes":[[358.0,301.0,39.0,7.0]]}]},"DerivedFields":[],"Confidence":0.346153855,"OperatorConfirmed":false,"OcrConfidence":0.346153855}],"DataVersion":0},{"FieldId":"Test.Financial.Invoice.Items.Amount","FieldName":"Amount","FieldType":"Text","IsMissing":true,"DataSource":"Automatic","Values":null,"DataVersion":0}],"Value":"","Reference":{"TextStartIndex":0,"TextLength":0,"Tokens":[]},"DerivedFields":[],"Confidence":0.0,"OperatorConfirmed":false,"OcrConfidence":0.0},{"Components":[{"FieldId":"Test.Financial.Invoice.Items.Description","FieldName":"Description","FieldType":"Text","IsMissing":false,"DataSource":"Automatic","Values":[{"Components":[],"Value":"PUS CELLS.","Reference":{"TextStartIndex":0,"TextLength":0,"Tokens":[{"TextStartIndex":0,"TextLength":0,"Page":0,"PageWidth":595.0,"PageHeight":841.0,"Boxes":[[483.0,49.0,12.0,9.0]]},{"TextStartIndex":0,"TextLength":0,"Page":0,"PageWidth":595.0,"PageHeight":841.0,"Boxes":[[484.0,65.0,22.0,9.0]]}]},"DerivedFields":[],"Confidence":0.525974035,"OperatorConfirmed":false,"OcrConfidence":0.525974035}],"DataVersion":0},{"FieldId":"Test.Financial.Invoice.Items.ItemPONo","FieldName":"Item PO No.","FieldType":"Text","IsMissing":true,"DataSource":"Automatic","Values":null,"DataVersion":0},{"FieldId":"Test.Financial.Invoice.Items.Qty","FieldName":"Qty.","FieldType":"Number","IsMissing":true,"DataSource":"Automatic","Values":null,"DataVersion":0},{"FieldId":"Test.Financial.Invoice.Items.UnitPrice","FieldName":"Unit Price","FieldType":"Text","IsMissing":true,"DataSource":"Automatic","Values":null,"DataVersion":0},{"FieldId":"Test.Financial.Invoice.Items.Amount","FieldName":"Amount","FieldType":"Text","IsMissing":true,"DataSource":"Automatic","Values":null,"DataVersion":0}],"Value":"","Reference":{"TextStartIndex":0,"TextLength":0,"Tokens":[]},"DerivedFields":[],"Confidence":0.525974035,"OperatorConfirmed":false,"OcrConfidence":0.525974035},{"Components":[{"FieldId":"Test.Financial.Invoice.Items.Description","FieldName":"Description","FieldType":"Text","IsMissing":false,"DataSource":"Automatic","Values":[{"Components":[],"Value":"RED BLOOD CELLS","Reference":{"TextStartIndex":0,"TextLength":0,"Tokens":[{"TextStartIndex":0,"TextLength":0,"Page":0,"PageWidth":595.0,"PageHeight":841.0,"Boxes":[[497.0,48.0,11.0,9.0]]},{"TextStartIndex":0,"TextLength":0,"Page":0,"PageWidth":595.0,"PageHeight":841.0,"Boxes":[[497.0,65.0,20.0,10.0]]},{"TextStartIndex":0,"TextLength":0,"Page":0,"PageWidth":595.0,"PageHeight":841.0,"Boxes":[[498.0,91.0,18.0,9.0]]}]},"DerivedFields":[],"Confidence":0.525974035,"OperatorConfirmed":false,"OcrConfidence":0.525974035}],"DataVersion":0},{"FieldId":"Test.Financial.Invoice.Items.ItemPONo","FieldName":"Item PO No.","FieldType":"Text","IsMissing":true,"DataSource":"Automatic","Values":null,"DataVersion":0},{"FieldId":"Test.Financial.Invoice.Items.Qty","FieldName":"Qty.","FieldType":"Number","IsMissing":true,"DataSource":"Automatic","Values":null,"DataVersion":0},{"FieldId":"Test.Financial.Invoice.Items.UnitPrice","FieldName":"Unit Price","FieldType":"Text","IsMissing":true,"DataSource":"Automatic","Values":null,"DataVersion":0},{"FieldId":"Test.Financial.Invoice.Items.Amount","FieldName":"Amount","FieldType":"Text","IsMissing":false,"DataSource":"Automatic","Values":[{"Components":[],"Value":"0.2","Reference":{"TextStartIndex":0,"TextLength":0,"Tokens":[{"TextStartIndex":0,"TextLength":0,"Page":0,"PageWidth":595.0,"PageHeight":841.0,"Boxes":[[497.0,300.0,14.0,10.0]]}]},"DerivedFields":[],"Confidence":0.45,"OperatorConfirmed":false,"OcrConfidence":0.45}],"DataVersion":0}],"Value":"","Reference":{"TextStartIndex":0,"TextLength":0,"Tokens":[]},"DerivedFields":[],"Confidence":0.45,"OperatorConfirmed":false,"OcrConfidence":0.45},{"Components":[{"FieldId":"Test.Financial.Invoice.Items.Description","FieldName":"Description","FieldType":"Text","IsMissing":false,"DataSource":"Automatic","Values":[{"Components":[],"Value":"EPITHELIAL CELLS","Reference":{"TextStartIndex":0,"TextLength":0,"Tokens":[{"TextStartIndex":0,"TextLength":0,"Page":0,"PageWidth":595.0,"PageHeight":841.0,"Boxes":[[510.0,48.0,38.0,7.0]]},{"TextStartIndex":0,"TextLength":0,"Page":0,"PageWidth":595.0,"PageHeight":841.0,"Boxes":[[511.0,90.0,18.0,7.0]]}]},"DerivedFields":[],"Confidence":0.525974035,"OperatorConfirmed":false,"OcrConfidence":0.525974035}],"DataVersion":0},{"FieldId":"Test.Financial.Invoice.Items.ItemPONo","FieldName":"Item PO No.","FieldType":"Text","IsMissing":true,"DataSource":"Automatic","Values":null,"DataVersion":0},{"FieldId":"Test.Financial.Invoice.Items.Qty","FieldName":"Qty.","FieldType":"Number","IsMissing":true,"DataSource":"Automatic","Values":null,"DataVersion":0},{"FieldId":"Test.Financial.Invoice.Items.UnitPrice","FieldName":"Unit Price","FieldType":"Text","IsMissing":true,"DataSource":"Automatic","Values":null,"DataVersion":0},{"FieldId":"Test.Financial.Invoice.Items.Amount","FieldName":"Amount","FieldType":"Text","IsMissing":false,"DataSource":"Automatic","Values":[{"Components":[],"Value":"0.5","Reference":{"TextStartIndex":0,"TextLength":0,"Tokens":[{"TextStartIndex":0,"TextLength":0,"Page":0,"PageWidth":595.0,"PageHeight":841.0,"Boxes":[[509.0,300.0,16.0,10.0]]}]},"DerivedFields":[],"Confidence":0.45,"OperatorConfirmed":false,"OcrConfidence":0.45}],"DataVersion":0}],"Value":"","Reference":{"TextStartIndex":0,"TextLength":0,"Tokens":[]},"DerivedFields":[],"Confidence":0.45,"OperatorConfirmed":false,"OcrConfidence":0.45}],"DataVersion":0}],"Value":"","Reference":{"TextStartIndex":0,"TextLength":0,"Tokens":[]},"DerivedFields":[],"Confidence":0.0,"OperatorConfirmed":false,"OcrConfidence":0.0}],"DataVersion":0}]}}