{"DocumentId":"Chippie Postpaid Customer Information Form_CCF-161_1.pdf","ResultsVersion":0,"ResultsDocument":{"Bounds":{"StartPage":0,"PageCount":1,"TextStartIndex":0,"TextLength":2948},"Language":null,"DocumentGroup":"Test","DocumentCategory":"Financial","DocumentTypeId":"Test.Financial.Invoice","DocumentTypeName":"Invoice","DocumentTypeDataVersion":0,"DataVersion":0,"DocumentTypeSource":"Automatic","DocumentTypeField":{"Components":[],"Value":"Invoice","Reference":{"TextStartIndex":0,"TextLength":0,"Tokens":[]},"DerivedFields":[],"Confidence":1.0,"OperatorConfirmed":false,"OcrConfidence":-1.0},"Fields":[{"FieldId":"Test.Financial.Invoice.Name","FieldName":"Name","FieldType":"Text","IsMissing":false,"DataSource":"Automatic","Values":[{"Components":[],"Value":"Mobile Application","Reference":{"TextStartIndex":0,"TextLength":0,"Tokens":[{"TextStartIndex":0,"TextLength":0,"Page":0,"PageWidth":595.0,"PageHeight":842.0,"Boxes":[[32.0,34.0,102.0,38.0]]},{"TextStartIndex":0,"TextLength":0,"Page":0,"PageWidth":595.0,"PageHeight":842.0,"Boxes":[[32.0,152.0,158.0,38.0]]}]},"DerivedFields":[],"Confidence":0.6912281,"OperatorConfirmed":false,"OcrConfidence":0.6912281}],"DataVersion":0},{"FieldId":"Test.Financial.Invoice.VendorAddress","FieldName":"Vendor Address","FieldType":"Address","IsMissing":true,"DataSource":"Automatic","Values":[],"DataVersion":0},{"FieldId":"Test.Financial.Invoice.BillingAddress","FieldName":"Billing Address","FieldType":"Address","IsMissing":true,"DataSource":"Automatic","Values":[],"DataVersion":0},{"FieldId":"Test.Financial.Invoice.ShippingAddress","FieldName":"Shipping Address","FieldType":"Address","IsMissing":true,"DataSource":"Automatic","Values":[],"DataVersion":0},{"FieldId":"Test.Financial.Invoice.Date","FieldName":"Date","FieldType":"Date","IsMissing":false,"DataSource":"Automatic","Values":[{"Components":[],"Value":"2019-07-25","Reference":{"TextStartIndex":0,"TextLength":0,"Tokens":[{"TextStartIndex":0,"TextLength":0,"Page":0,"PageWidth":595.0,"PageHeight":842.0,"Boxes":[[104.0,255.0,48.0,13.0]]}]},"DerivedFields":[{"FieldId":"Year","Value":"2019"},{"FieldId":"Month","Value":"7"},{"FieldId":"Day","Value":"25"}],"Confidence":0.5,"OperatorConfirmed":false,"OcrConfidence":0.5}],"DataVersion":0},{"FieldId":"Test.Financial.Invoice.InvoiceNo","FieldName":"Invoice No.","FieldType":"Text","IsMissing":false,"DataSource":"Automatic","Values":[{"Components":[],"Value":"NOVO","Reference":{"TextStartIndex":0,"TextLength":0,"Tokens":[{"TextStartIndex":0,"TextLength":0,"Page":0,"PageWidth":595.0,"PageHeight":842.0,"Boxes":[[80.0,456.0,27.0,11.0]]}]},"DerivedFields":[],"Confidence":0.5,"OperatorConfirmed":false,"OcrConfidence":0.5}],"DataVersion":0},{"FieldId":"Test.Financial.Invoice.PONo","FieldName":"PO No.","FieldType":"Text","IsMissing":true,"DataSource":"Automatic","Values":[],"DataVersion":0},{"FieldId":"Test.Financial.Invoice.TaxAmount","FieldName":"Tax Amount","FieldType":"Text","IsMissing":true,"DataSource":"Automatic","Values":[],"DataVersion":0},{"FieldId":"Test.Financial.Invoice.Total","FieldName":"Total","FieldType":"Text","IsMissing":false,"DataSource":"Automatic","Values":[{"Components":[],"Value":"200.00","Reference":{"TextStartIndex":0,"TextLength":0,"Tokens":[{"TextStartIndex":0,"TextLength":0,"Page":0,"PageWidth":595.0,"PageHeight":842.0,"Boxes":[[683.0,491.0,27.0,11.0]]}]},"DerivedFields":[],"Confidence":0.4074074,"OperatorConfirmed":false,"OcrConfidence":0.4074074}],"DataVersion":0},{"FieldId":"Test.Financial.Invoice.Currency","FieldName":"Currency","FieldType":"Text","IsMissing":false,"DataSource":"Automatic","Values":[{"Components":[],"Value":"USD","Reference":{"TextStartIndex":0,"TextLength":0,"Tokens":[{"TextStartIndex":0,"TextLength":0,"Page":0,"PageWidth":595.0,"PageHeight":842.0,"Boxes":[[0.0,0.0,0.0,0.0]]}]},"DerivedFields":[],"Confidence":0.86,"OperatorConfirmed":false,"OcrConfidence":0.86}],"DataVersion":0},{"FieldId":"Test.Financial.Invoice.Items","FieldName":"Items","FieldType":"Table","IsMissing":false,"DataSource":"Automatic","Values":[{"Components":[{"FieldId":"Test.Financial.Invoice.Items.Header","FieldName":"Header","FieldType":"Internal","IsMissing":false,"DataSource":"Automatic","Values":[{"Components":[{"FieldId":"Test.Financial.Invoice.Items.Description","FieldName":"Description","FieldType":"Text","IsMissing":false,"DataSource":"Automatic","Values":[{"Components":[],"Value":"description","Reference":{"TextStartIndex":0,"TextLength":0,"Tokens":[]},"DerivedFields":[],"Confidence":-1.0,"OperatorConfirmed":false,"OcrConfidence":-1.0}],"DataVersion":0},{"FieldId":"Test.Financial.Invoice.Items.ItemPONo","FieldName":"Item PO No.","FieldType":"Text","IsMissing":false,"DataSource":"Automatic","Values":[{"Components":[],"Value":"item-po-no","Reference":{"TextStartIndex":0,"TextLength":0,"Tokens":[]},"DerivedFields":[],"Confidence":-1.0,"OperatorConfirmed":false,"OcrConfidence":-1.0}],"DataVersion":0},{"FieldId":"Test.Financial.Invoice.Items.Qty","FieldName":"Qty.","FieldType":"Number","IsMissing":false,"DataSource":"Automatic","Values":[{"Components":[],"Value":"quantity","Reference":{"TextStartIndex":0,"TextLength":0,"Tokens":[]},"DerivedFields":[],"Confidence":-1.0,"OperatorConfirmed":false,"OcrConfidence":-1.0}],"DataVersion":0},{"FieldId":"Test.Financial.Invoice.Items.UnitPrice","FieldName":"Unit Price","FieldType":"Text","IsMissing":false,"DataSource":"Automatic","Values":[{"Components":[],"Value":"unit-price","Reference":{"TextStartIndex":0,"TextLength":0,"Tokens":[]},"DerivedFields":[],"Confidence":-1.0,"OperatorConfirmed":false,"OcrConfidence":-1.0}],"DataVersion":0},{"FieldId":"Test.Financial.Invoice.Items.Amount","FieldName":"Amount","FieldType":"Text","IsMissing":false,"DataSource":"Automatic","Values":[{"Components":[],"Value":"line-amount","Reference":{"TextStartIndex":0,"TextLength":0,"Tokens":[]},"DerivedFields":[],"Confidence":-1.0,"OperatorConfirmed":false,"OcrConfidence":-1.0}],"DataVersion":0}],"Value":"","Reference":{"TextStartIndex":0,"TextLength":0,"Tokens":[]},"DerivedFields":[],"Confidence":-1.0,"OperatorConfirmed":false,"OcrConfidence":-1.0}],"DataVersion":0},{"FieldId":"Test.Financial.Invoice.Items.Body","FieldName":"Body","FieldType":"Internal","IsMissing":false,"DataSource":"Automatic","Values":[{"Components":[{"FieldId":"Test.Financial.Invoice.Items.Description","FieldName":"Description","FieldType":"Text","IsMissing":false,"DataSource":"Automatic","Values":[{"Components":[],"Value":"Mobile Postpaid basic plan-Deposit Chippie5- 2 Year","Reference":{"TextStartIndex":0,"TextLength":0,"Tokens":[{"TextStartIndex":0,"TextLength":0,"Page":0,"PageWidth":595.0,"PageHeight":842.0,"Boxes":[[494.0,38.0,28.0,12.0]]},{"TextStartIndex":0,"TextLength":0,"Page":0,"PageWidth":595.0,"PageHeight":842.0,"Boxes":[[494.0,70.0,37.0,12.0]]},{"TextStartIndex":0,"TextLength":0,"Page":0,"PageWidth":595.0,"PageHeight":842.0,"Boxes":[[494.0,113.0,21.0,12.0]]},{"TextStartIndex":0,"TextLength":0,"Page":0,"PageWidth":595.0,"PageHeight":842.0,"Boxes":[[494.0,140.0,59.0,12.0]]},{"TextStartIndex":0,"TextLength":0,"Page":0,"PageWidth":595.0,"PageHeight":842.0,"Boxes":[[514.0,39.0,44.0,12.0]]},{"TextStartIndex":0,"TextLength":0,"Page":0,"PageWidth":595.0,"PageHeight":842.0,"Boxes":[[514.0,89.0,2.0,12.0]]},{"TextStartIndex":0,"TextLength":0,"Page":0,"PageWidth":595.0,"PageHeight":842.0,"Boxes":[[514.0,96.0,20.0,12.0]]}]},"DerivedFields":[],"Confidence":0.525974035,"OperatorConfirmed":false,"OcrConfidence":0.525974035}],"DataVersion":0},{"FieldId":"Test.Financial.Invoice.Items.ItemPONo","FieldName":"Item PO No.","FieldType":"Text","IsMissing":true,"DataSource":"Automatic","Values":null,"DataVersion":0},{"FieldId":"Test.Financial.Invoice.Items.Qty","FieldName":"Qty.","FieldType":"Number","IsMissing":true,"DataSource":"Automatic","Values":null,"DataVersion":0},{"FieldId":"Test.Financial.Invoice.Items.UnitPrice","FieldName":"Unit Price","FieldType":"Text","IsMissing":true,"DataSource":"Automatic","Values":null,"DataVersion":0},{"FieldId":"Test.Financial.Invoice.Items.Amount","FieldName":"Amount","FieldType":"Text","IsMissing":false,"DataSource":"Automatic","Values":[{"Components":[],"Value":"200.00","Reference":{"TextStartIndex":0,"TextLength":0,"Tokens":[{"TextStartIndex":0,"TextLength":0,"Page":0,"PageWidth":595.0,"PageHeight":842.0,"Boxes":[[495.0,500.0,25.0,14.0]]}]},"DerivedFields":[],"Confidence":0.45,"OperatorConfirmed":false,"OcrConfidence":0.45}],"DataVersion":0}],"Value":"","Reference":{"TextStartIndex":0,"TextLength":0,"Tokens":[]},"DerivedFields":[],"Confidence":0.45,"OperatorConfirmed":false,"OcrConfidence":0.45}],"DataVersion":0}],"Value":"","Reference":{"TextStartIndex":0,"TextLength":0,"Tokens":[]},"DerivedFields":[],"Confidence":0.45,"OperatorConfirmed":false,"OcrConfidence":0.45}],"DataVersion":0}]}}