{"DocumentId":"IMG-20181114-WA0011.jpg","ResultsVersion":0,"ResultsDocument":{"Bounds":{"StartPage":0,"PageCount":1,"TextStartIndex":0,"TextLength":3763},"Language":null,"DocumentGroup":"Health_Reports","DocumentCategory":"Medical","DocumentTypeId":"Health_Reports.Medical.Hematology","DocumentTypeName":"Hematology","DocumentTypeDataVersion":0,"DataVersion":0,"DocumentTypeSource":"Automatic","DocumentTypeField":{"Components":[],"Value":"Hematology","Reference":{"TextStartIndex":0,"TextLength":0,"Tokens":[]},"DerivedFields":[],"Confidence":1.0,"OperatorConfirmed":false,"OcrConfidence":-1.0},"Fields":[{"FieldId":"Health_Reports.Medical.Hematology.Name","FieldName":"Name","FieldType":"Name","IsMissing":false,"DataSource":"Automatic","Values":[{"Components":[],"Value":": SHITAL NANDA","Reference":{"TextStartIndex":649,"TextLength":12,"Tokens":[{"TextStartIndex":0,"TextLength":0,"Page":0,"PageWidth":1049.0,"PageHeight":1280.0,"Boxes":[[224.0,128.0,4.0,10.0]]},{"TextStartIndex":0,"TextLength":0,"Page":0,"PageWidth":1049.0,"PageHeight":1280.0,"Boxes":[[222.0,189.0,60.0,12.0]]},{"TextStartIndex":0,"TextLength":0,"Page":0,"PageWidth":1049.0,"PageHeight":1280.0,"Boxes":[[222.0,254.0,58.0,11.0]]}]},"DerivedFields":[],"Confidence":1.0,"OperatorConfirmed":false,"OcrConfidence":-1.0}],"DataVersion":0},{"FieldId":"Health_Reports.Medical.Hematology.Age","FieldName":"Age","FieldType":"Number","IsMissing":false,"DataSource":"Automatic","Values":[{"Components":[],"Value":": 25","Reference":{"TextStartIndex":680,"TextLength":3,"Tokens":[{"TextStartIndex":0,"TextLength":0,"Page":0,"PageWidth":1049.0,"PageHeight":1280.0,"Boxes":[[224.0,564.0,3.0,10.0]]},{"TextStartIndex":0,"TextLength":0,"Page":0,"PageWidth":1049.0,"PageHeight":1280.0,"Boxes":[[222.0,584.0,17.0,12.0]]}]},"DerivedFields":[],"Confidence":1.0,"OperatorConfirmed":false,"OcrConfidence":-1.0}],"DataVersion":0},{"FieldId":"Health_Reports.Medical.Hematology.Sex","FieldName":"SEX","FieldType":"Text","IsMissing":true,"DataSource":"Automatic","Values":[],"DataVersion":0},{"FieldId":"Health_Reports.Medical.Hematology.RBCCOUNT","FieldName":"RBC COUNT","FieldType":"Number","IsMissing":false,"DataSource":"Automatic","Values":[{"Components":[],"Value":"4.32 3.80 - 4.80 IOA6/uL","Reference":{"TextStartIndex":1569,"TextLength":20,"Tokens":[{"TextStartIndex":0,"TextLength":0,"Page":0,"PageWidth":1049.0,"PageHeight":1280.0,"Boxes":[[586.0,466.0,31.0,11.0]]},{"TextStartIndex":0,"TextLength":0,"Page":0,"PageWidth":1049.0,"PageHeight":1280.0,"Boxes":[[585.0,667.0,28.0,11.0]]},{"TextStartIndex":0,"TextLength":0,"Page":0,"PageWidth":1049.0,"PageHeight":1280.0,"Boxes":[[590.0,701.0,5.0,2.0]]},{"TextStartIndex":0,"TextLength":0,"Page":0,"PageWidth":1049.0,"PageHeight":1280.0,"Boxes":[[585.0,711.0,29.0,11.0]]},{"TextStartIndex":0,"TextLength":0,"Page":0,"PageWidth":1049.0,"PageHeight":1280.0,"Boxes":[[584.0,914.0,61.9998,15.0]]}]},"DerivedFields":[],"Confidence":1.0,"OperatorConfirmed":false,"OcrConfidence":-1.0}],"DataVersion":0},{"FieldId":"Health_Reports.Medical.Hematology.PLATELETCOUNT","FieldName":"PLATELET COUNT","FieldType":"Number","IsMissing":true,"DataSource":"Automatic","Values":[],"DataVersion":0},{"FieldId":"Health_Reports.Medical.Hematology.Lympocytes","FieldName":"Lymphocytes","FieldType":"Number","IsMissing":false,"DataSource":"Automatic","Values":[{"Components":[],"Value":"65.0 High 20","Reference":{"TextStartIndex":2505,"TextLength":10,"Tokens":[{"TextStartIndex":0,"TextLength":0,"Page":0,"PageWidth":1049.0,"PageHeight":1280.0,"Boxes":[[873.0,466.0,34.0,11.0]]},{"TextStartIndex":0,"TextLength":0,"Page":0,"PageWidth":1049.0,"PageHeight":1280.0,"Boxes":[[872.0,623.0,30.0,13.0]]},{"TextStartIndex":0,"TextLength":0,"Page":0,"PageWidth":1049.0,"PageHeight":1280.0,"Boxes":[[872.0,667.0,15.0,11.0]]}]},"DerivedFields":[],"Confidence":1.0,"OperatorConfirmed":false,"OcrConfidence":-1.0}],"DataVersion":0},{"FieldId":"Health_Reports.Medical.Hematology.HEMOGLOBIN","FieldName":"HEMOGLOBIN","FieldType":"Text","IsMissing":false,"DataSource":"Automatic","Values":[{"Components":[],"Value":"12.7","Reference":{"TextStartIndex":1257,"TextLength":4,"Tokens":[{"TextStartIndex":0,"TextLength":0,"Page":0,"PageWidth":1049.0,"PageHeight":1280.0,"Boxes":[[495.0,467.0,30.0,12.0]]}]},"DerivedFields":[],"Confidence":1.0,"OperatorConfirmed":false,"OcrConfidence":-1.0}],"DataVersion":0}]}}