{"DocumentId":"medical.pdf","ResultsVersion":0,"ResultsDocument":{"Bounds":{"StartPage":0,"PageCount":12,"TextStartIndex":0,"TextLength":2325},"Language":null,"DocumentGroup":"Health_Reports","DocumentCategory":"Medical","DocumentTypeId":"Health_Reports.Medical.Hematology","DocumentTypeName":"Hematology","DocumentTypeDataVersion":0,"DataVersion":0,"DocumentTypeSource":"Automatic","DocumentTypeField":{"Components":[],"Value":"Hematology","Reference":{"TextStartIndex":0,"TextLength":0,"Tokens":[]},"DerivedFields":[],"Confidence":1.0,"OperatorConfirmed":false,"OcrConfidence":-1.0},"Fields":[{"FieldId":"Health_Reports.Medical.Hematology.Name","FieldName":"Name","FieldType":"Name","IsMissing":true,"DataSource":"Automatic","Values":[],"DataVersion":0},{"FieldId":"Health_Reports.Medical.Hematology.Age","FieldName":"Age","FieldType":"Number","IsMissing":true,"DataSource":"Automatic","Values":[],"DataVersion":0},{"FieldId":"Health_Reports.Medical.Hematology.Sex","FieldName":"SEX","FieldType":"Text","IsMissing":true,"DataSource":"Automatic","Values":[],"DataVersion":0},{"FieldId":"Health_Reports.Medical.Hematology.RBCCOUNT","FieldName":"RBC COUNT","FieldType":"Number","IsMissing":true,"DataSource":"Automatic","Values":[],"DataVersion":0},{"FieldId":"Health_Reports.Medical.Hematology.PLATELETCOUNT","FieldName":"PLATELET COUNT","FieldType":"Number","IsMissing":true,"DataSource":"Automatic","Values":[],"DataVersion":0},{"FieldId":"Health_Reports.Medical.Hematology.Lympocytes","FieldName":"Lymphocytes","FieldType":"Number","IsMissing":true,"DataSource":"Automatic","Values":[],"DataVersion":0},{"FieldId":"Health_Reports.Medical.Hematology.HEMOGLOBIN","FieldName":"HEMOGLOBIN","FieldType":"Text","IsMissing":true,"DataSource":"Automatic","Values":[],"DataVersion":0}]}}