{"DocumentId":"New Doc 2019-08-20 21.12.49.pdf","ResultsVersion":0,"ResultsDocument":{"Bounds":{"StartPage":0,"PageCount":1,"TextStartIndex":0,"TextLength":2072},"Language":null,"DocumentGroup":"Health_Reports","DocumentCategory":"Medical","DocumentTypeId":"Health_Reports.Medical.Hematology","DocumentTypeName":"Hematology","DocumentTypeDataVersion":0,"DataVersion":0,"DocumentTypeSource":"Automatic","DocumentTypeField":{"Components":[],"Value":"Hematology","Reference":{"TextStartIndex":0,"TextLength":0,"Tokens":[]},"DerivedFields":[],"Confidence":1.0,"OperatorConfirmed":false,"OcrConfidence":-1.0},"Fields":[{"FieldId":"Health_Reports.Medical.Hematology.Name","FieldName":"Name","FieldType":"Name","IsMissing":false,"DataSource":"Automatic","Values":[{"Components":[],"Value":": PRASHANT S NARKHEDE","Reference":{"TextStartIndex":138,"TextLength":18,"Tokens":[{"TextStartIndex":0,"TextLength":0,"Page":0,"PageWidth":595.0,"PageHeight":842.0,"Boxes":[[153.8511,49.1944,2.1781,5.5275]]},{"TextStartIndex":0,"TextLength":0,"Page":0,"PageWidth":595.0,"PageHeight":842.0,"Boxes":[[150.0029,53.9891,55.7127,8.9035]]},{"TextStartIndex":0,"TextLength":0,"Page":0,"PageWidth":595.0,"PageHeight":842.0,"Boxes":[[150.0057,112.5555,5.3046,7.4579]]},{"TextStartIndex":0,"TextLength":0,"Page":0,"PageWidth":595.0,"PageHeight":842.0,"Boxes":[[149.7619,120.476,60.2682,7.4653]]}]},"DerivedFields":[],"Confidence":1.0,"OperatorConfirmed":false,"OcrConfidence":-1.0}],"DataVersion":0},{"FieldId":"Health_Reports.Medical.Hematology.Age","FieldName":"Age","FieldType":"Number","IsMissing":false,"DataSource":"Automatic","Values":[{"Components":[],"Value":"35 : years","Reference":{"TextStartIndex":164,"TextLength":8,"Tokens":[{"TextStartIndex":0,"TextLength":0,"Page":0,"PageWidth":595.0,"PageHeight":842.0,"Boxes":[[153.1266,369.8528,9.8647,7.4567]]},{"TextStartIndex":0,"TextLength":0,"Page":0,"PageWidth":595.0,"PageHeight":842.0,"Boxes":[[155.2921,363.3754,1.6981,5.5259]]},{"TextStartIndex":0,"TextLength":0,"Page":0,"PageWidth":595.0,"PageHeight":842.0,"Boxes":[[155.2876,383.0532,22.1065,7.6952]]}]},"DerivedFields":[],"Confidence":1.0,"OperatorConfirmed":false,"OcrConfidence":-1.0}],"DataVersion":0},{"FieldId":"Health_Reports.Medical.Hematology.Sex","FieldName":"Sex","FieldType":"Text","IsMissing":false,"DataSource":"Automatic","Values":[{"Components":[],"Value":"Male :","Reference":{"TextStartIndex":171,"TextLength":5,"Tokens":[{"TextStartIndex":0,"TextLength":0,"Page":0,"PageWidth":595.0,"PageHeight":842.0,"Boxes":[[152.8859,471.8591,21.1466,7.698]]},{"TextStartIndex":0,"TextLength":0,"Page":0,"PageWidth":595.0,"PageHeight":842.0,"Boxes":[[155.5313,462.5028,2.1765,5.0475]]}]},"DerivedFields":[],"Confidence":1.0,"OperatorConfirmed":false,"OcrConfidence":-1.0}],"DataVersion":0},{"FieldId":"Health_Reports.Medical.Hematology.RBCCOUNT","FieldName":"RBC COUNT","FieldType":"Number","IsMissing":false,"DataSource":"Automatic","Values":[{"Components":[],"Value":"4.94 million/mm 4.5 - 55","Reference":{"TextStartIndex":938,"TextLength":20,"Tokens":[{"TextStartIndex":0,"TextLength":0,"Page":0,"PageWidth":595.0,"PageHeight":842.0,"Boxes":[[411.8712,172.5587,19.4671,7.9366]]},{"TextStartIndex":0,"TextLength":0,"Page":0,"PageWidth":595.0,"PageHeight":842.0,"Boxes":[[410.4309,323.2888,48.9891,7.9368]]},{"TextStartIndex":0,"TextLength":0,"Page":0,"PageWidth":595.0,"PageHeight":842.0,"Boxes":[[410.4322,378.0132,12.5052,7.4543]]},{"TextStartIndex":0,"TextLength":0,"Page":0,"PageWidth":595.0,"PageHeight":842.0,"Boxes":[[414.7547,394.1045,2.8841,1.2095]]},{"TextStartIndex":0,"TextLength":0,"Page":0,"PageWidth":595.0,"PageHeight":842.0,"Boxes":[[410.4319,400.0952,12.2642,7.2149]]}]},"DerivedFields":[],"Confidence":1.0,"OperatorConfirmed":false,"OcrConfidence":-1.0}],"DataVersion":0},{"FieldId":"Health_Reports.Medical.Hematology.WBCCOUNT","FieldName":"WBC COUNT","FieldType":"Number","IsMissing":false,"DataSource":"Automatic","Values":[{"Components":[],"Value":"8.5 103/mm3 4-10","Reference":{"TextStartIndex":1323,"TextLength":14,"Tokens":[{"TextStartIndex":0,"TextLength":0,"Page":0,"PageWidth":595.0,"PageHeight":842.0,"Boxes":[[513.6417,173.2787,12.9868,7.9349]]},{"TextStartIndex":0,"TextLength":0,"Page":0,"PageWidth":595.0,"PageHeight":842.0,"Boxes":[[510.2805,324.9685,34.3489,8.1767]]},{"TextStartIndex":0,"TextLength":0,"Page":0,"PageWidth":595.0,"PageHeight":842.0,"Boxes":[[510.2786,379.213,24.2666,7.7004]]}]},"DerivedFields":[],"Confidence":1.0,"OperatorConfirmed":false,"OcrConfidence":-1.0}],"DataVersion":0},{"FieldId":"Health_Reports.Medical.Hematology.PLATELETCOUNT","FieldName":"PLATELET COUNT","FieldType":"Number","IsMissing":false,"DataSource":"Automatic","Values":[{"Components":[],"Value":"236 103/mm3 150 -410","Reference":{"TextStartIndex":1785,"TextLength":17,"Tokens":[{"TextStartIndex":0,"TextLength":0,"Page":0,"PageWidth":595.0,"PageHeight":842.0,"Boxes":[[642.2919,172.5575,16.8293,8.659]]},{"TextStartIndex":0,"TextLength":0,"Page":0,"PageWidth":595.0,"PageHeight":842.0,"Boxes":[[638.9324,326.4086,35.069,8.1772]]},{"TextStartIndex":0,"TextLength":0,"Page":0,"PageWidth":595.0,"PageHeight":842.0,"Boxes":[[639.4125,382.8132,14.9059,7.697]]},{"TextStartIndex":0,"TextLength":0,"Page":0,"PageWidth":595.0,"PageHeight":842.0,"Boxes":[[639.4118,400.8143,21.8666,7.6986]]}]},"DerivedFields":[],"Confidence":1.0,"OperatorConfirmed":false,"OcrConfidence":-1.0}],"DataVersion":0},{"FieldId":"Health_Reports.Medical.Hematology.Lympocytes","FieldName":"Lymphocytes","FieldType":"Number","IsMissing":false,"DataSource":"Automatic","Values":[{"Components":[],"Value":"29 20 40 - 2-10","Reference":{"TextStartIndex":1477,"TextLength":11,"Tokens":[{"TextStartIndex":0,"TextLength":0,"Page":0,"PageWidth":595.0,"PageHeight":842.0,"Boxes":[[550.3632,172.7983,11.0674,8.1788]]},{"TextStartIndex":0,"TextLength":0,"Page":0,"PageWidth":595.0,"PageHeight":842.0,"Boxes":[[546.7638,379.933,9.8656,7.6968]]},{"TextStartIndex":0,"TextLength":0,"Page":0,"PageWidth":595.0,"PageHeight":842.0,"Boxes":[[546.7637,399.1346,10.1049,7.4572]]},{"TextStartIndex":0,"TextLength":0,"Page":0,"PageWidth":595.0,"PageHeight":842.0,"Boxes":[[550.8472,393.1444,3.1241,1.2101]]},{"TextStartIndex":0,"TextLength":0,"Page":0,"PageWidth":595.0,"PageHeight":842.0,"Boxes":[[565.0036,379.9329,24.5068,7.7008]]}]},"DerivedFields":[],"Confidence":1.0,"OperatorConfirmed":false,"OcrConfidence":-1.0}],"DataVersion":0}]}}